
Running 619 tests using 3 workers

  ok   1 [chromium] › e2e\a11y.spec.ts:168:7 › AC2 — axe-core scans report zero serious/critical violations › empty state (nothing selected) (2.5s)
  ok   3 [chromium] › e2e\a11y.spec.ts:192:7 › AC2 — axe-core scans report zero serious/critical violations › conflict dialog open (2.9s)
  ok   4 [chromium] › e2e\a11y.spec.ts:201:7 › AC2 — axe-core scans report zero serious/critical violations › info panel open (2.5s)
  ok   2 [chromium] › e2e\a11y.spec.ts:174:7 › AC2 — axe-core scans report zero serious/critical violations › with selections (schedule populated), light and dark (5.5s)
  ok   6 [chromium] › e2e\a11y.spec.ts:295:7 › AC1 — keyboard operability › tab order: search → quick-jump chip → chip toggle → its disclosure → view switcher → export; visible focus indicators throughout (798ms)
  ok   8 [chromium] › e2e\a11y.spec.ts:433:7 › AC1 — keyboard operability › conflict dialog: choosing a keeper inside the modal resolves and closes it (875ms)
  ok   7 [chromium] › e2e\a11y.spec.ts:379:7 › AC1 — keyboard operability › conflict dialog: modal, focus-trapped, Escape closes (prompt stays available inline) (1.2s)
  ok   9 [chromium] › e2e\a11y.spec.ts:452:7 › AC1 — keyboard operability › info panel: focus-trapped and closes on Escape (regression, shared modal helper) (1.1s)
  ok   5 [chromium] › e2e\a11y.spec.ts:210:7 › AC2 — axe-core scans report zero serious/critical violations › resolved schedule (moved-to-late + late-late warning), light and dark (5.3s)
  ok  10 [chromium] › e2e\a11y.spec.ts:540:9 › AC3 — conflict + moved-to-late styles measure ≥ 4.5:1 › measured ratios (light mode) (1.6s)
  ok  11 [chromium] › e2e\a11y.spec.ts:540:9 › AC3 — conflict + moved-to-late styles measure ≥ 4.5:1 › measured ratios (dark mode) (1.6s)
  ok  12 [chromium] › e2e\a11y.spec.ts:676:7 › AC4 — 375×667 layout › no horizontal scroll: populated schedule, conflict dialog, info panel (2.1s)
  ok  13 [chromium] › e2e\a11y.spec.ts:712:7 › AC4 — 375×667 layout › primary tap targets are ≥ 44×44 px (2.0s)
  ok  14 [chromium] › e2e\a11y.spec.ts:779:7 › AC5 — landmarks and labels › exactly one h1; search input is labelled; icon-only buttons have accessible names (1.0s)
  ok  15 [chromium] › e2e\a11y.spec.ts:805:7 › AC5 — landmarks and labels › selected and moved states are distinguishable by more than color (1.1s)
  ok  16 [chromium] › e2e\issue-19-calendar-view.spec.ts:327:5 › AC1 — calendar is the default; List/Calendar chips toggle by keyboard under a shared header (1.1s)
  ok  17 [chromium] › e2e\issue-19-calendar-view.spec.ts:398:5 › AC2 — pager walks every published week one grid at a time with dated headers and an hourly axis (1.6s)
  ok  18 [chromium] › e2e\issue-19-calendar-view.spec.ts:589:5 › AC4 — blocks are category-colored with a legend, showing subject name and start time (1.3s)
  ok  20 [chromium] › e2e\issue-19-calendar-view.spec.ts:659:5 › AC5 — portfolio deadlines and undated subjects land in the off-grid list, never on the grid (980ms)
  ok  19 [chromium] › e2e\issue-19-calendar-view.spec.ts:481:5 › AC3 — resolved conflict places the moved exam at its late-testing slot in both views (1.9s)
  ok  21 [chromium] › e2e\issue-19-calendar-view.spec.ts:716:5 › AC6 — empty selection renders a hint instead of a blank grid (909ms)
  ok  22 [chromium] › e2e\issue-19-calendar-view.spec.ts:742:5 › AC7 — banner names the dataset cycle on both views (787ms)
  ok  23 [chromium] › e2e\issue-19-calendar-view.spec.ts:771:7 › AC8 — calendar usable at desktop 1920x1080: no body h-scroll, grid scrolls internally, no errors (1.2s)
  ok  24 [chromium] › e2e\issue-19-calendar-view.spec.ts:771:7 › AC8 — calendar usable at tablet 1024x768: no body h-scroll, grid scrolls internally, no errors (1.1s)
  ok  25 [chromium] › e2e\issue-19-calendar-view.spec.ts:771:7 › AC8 — calendar usable at mobile 375x667: no body h-scroll, grid scrolls internally, no errors (972ms)
  ok  26 [chromium] › e2e\issue-19-calendar-view.spec.ts:858:5 › AC8 — switcher chips paint a focus-visible ring under keyboard focus (708ms)
  ok  28 [chromium] › e2e\issue-19-calendar-view.spec.ts:941:5 › Pager a11y — keyboard-operable buttons with accessible names and an aria-live week announcement (1.1s)
  ok  27 [chromium] › e2e\issue-19-calendar-view.spec.ts:891:5 › Bounce 5 — default page follows the live selection until the student pages manually (1.4s)
  ok  29 [chromium] › e2e\issue-19-calendar-view.spec.ts:1008:5 › Bounce A — blocks span published exam lengths plus a distinct setup buffer, and the axis fits the longest (1.0s)
  ok  30 [chromium] › e2e\issue-19-calendar-view.spec.ts:1080:5 › Bounce C7 — activating a block opens the shared exam-details popup; Escape closes and restores focus (1.2s)
  ok  31 [chromium] › e2e\issue-19-calendar-view.spec.ts:1117:5 › Bounce C8 — activating a conflicted block opens the conflict dialog; resolving from the calendar moves the loser (1.5s)
  ok  32 [chromium] › e2e\issue-19-calendar-view.spec.ts:1184:5 › Bounce C9 — swap: keep the moved exam at the regular time and move the other exam instead (1.6s)
  ok  35 [chromium] › e2e\issue-20-subject-emoji.spec.ts:111:7 › issue #20 — decorative subject emoji everywhere the name shows › AC3 — the emoji is aria-hidden: accessible name is the subject name WITHOUT the glyph (552ms)
  ok  33 [chromium] › e2e\issue-19-calendar-view.spec.ts:1233:5 › Bounce C9 — switch back re-opens the conflict prompt so the collision is re-resolved (1.5s)
  ok  34 [chromium] › e2e\issue-20-subject-emoji.spec.ts:82:7 › issue #20 — decorative subject emoji everywhere the name shows › AC1 — every catalog card renders a non-blank leading emoji (complete coverage, whole roster) (1.0s)
  ok  37 [chromium] › e2e\issue-20-subject-emoji.spec.ts:167:7 › issue #20 — decorative subject emoji everywhere the name shows › AC2 — emoji shows in the info-panel title (and stays aria-hidden there) (941ms)
  ok  36 [chromium] › e2e\issue-20-subject-emoji.spec.ts:142:7 › issue #20 — decorative subject emoji everywhere the name shows › AC2 — emoji shows on schedule rows and the conflict prompt's subject list (1.1s)
  ok  38 [chromium] › e2e\issue-20-subject-emoji.spec.ts:200:9 › issue #20 — decorative subject emoji everywhere the name shows › evidence — catalog + schedule with emoji at desktop 1920x1080 (1.3s)
  ok  40 [chromium] › e2e\issue-20-subject-emoji.spec.ts:200:9 › issue #20 — decorative subject emoji everywhere the name shows › evidence — catalog + schedule with emoji at mobile 375x667 (1.2s)
  ok  39 [chromium] › e2e\issue-20-subject-emoji.spec.ts:200:9 › issue #20 — decorative subject emoji everywhere the name shows › evidence — catalog + schedule with emoji at tablet 1024x768 (1.3s)
  ok  41 [chromium] › e2e\issue-20-subject-emoji.spec.ts:218:7 › issue #20 — decorative subject emoji everywhere the name shows › evidence — info panel title with emoji (desktop) (1.0s)
  ok  42 [chromium] › e2e\issue-22-qa.spec.ts:80:7 › issue #22 — mobile category-grouped chips + progressive disclosure › AC1 — mobile catalog is grouped under category headings, not a flat list (864ms)
  ok  43 [chromium] › e2e\issue-22-qa.spec.ts:114:7 › issue #22 — mobile category-grouped chips + progressive disclosure › AC2 — chip: emoji + name, unmistakable selected state, ≥44px tap targets (1.1s)
  ok  45 [chromium] › e2e\issue-22-qa.spec.ts:169:7 › issue #22 — mobile category-grouped chips + progressive disclosure › AC4 — search filters the sectioned view; empty categories hide; no-matches state (875ms)
  ok  44 [chromium] › e2e\issue-22-qa.spec.ts:148:7 › issue #22 — mobile category-grouped chips + progressive disclosure › AC3 — sticky quick-jump nav reaches a lower category without scrolling the catalog (1.7s)
  ok  46 [chromium] › e2e\issue-22-qa.spec.ts:205:7 › issue #22 — mobile category-grouped chips + progressive disclosure › AC5 — chip tap toggles the shared selection store; schedule reflects immediately (857ms)
  ok  47 [chromium] › e2e\issue-22-qa.spec.ts:228:7 › issue #22 — mobile category-grouped chips + progressive disclosure › AC6 — expand and select are separate controls; neither triggers the other (1.1s)
  ok  49 [chromium] › e2e\issue-22-qa.spec.ts:305:7 › issue #22 — mobile category-grouped chips + progressive disclosure › AC8 (Tier 2) — 'Full exam details' opens the shared InfoPanel with the #6 dataset content (975ms)
  ok  48 [chromium] › e2e\issue-22-qa.spec.ts:256:7 › issue #22 — mobile category-grouped chips + progressive disclosure › AC7 (Tier 1) — expand reveals exam date, session start time, late testing; portfolio deadline; sourced no-exam reason (1.3s)
  ok  51 [chromium] › e2e\issue-22-qa.spec.ts:378:7 › issue #22 — mobile category-grouped chips + progressive disclosure › AC12 — disclosure is keyboard/SR-accessible: aria-controls wiring, dialog focus trap + restore (878ms)
  ok  52 [chromium] › e2e\issue-22-qa.spec.ts:419:7 › issue #22 — mobile category-grouped chips + progressive disclosure › AC13 — real landmarks/headings, chips are buttons with aria-pressed, reduced-motion honored (706ms)
  ok  50 [chromium] › e2e\issue-22-qa.spec.ts:327:7 › issue #22 — mobile category-grouped chips + progressive disclosure › AC9/AC10 (Tier 3) — verified official College Board link: new tab, noopener noreferrer, arrow icon, exceptions honored (1.4s)
  ok  53 [chromium] › e2e\issue-22-qa.spec.ts:450:7 › issue #22 — mobile category-grouped chips + progressive disclosure › AC14 — desktop shares the grouped IA (issue #24); no horizontal scroll at 375/768/1024/1920 (721ms)
  ok  54 [chromium] › e2e\issue-22-qa.spec.ts:491:7 › evidence — catalog with a selection (desktop 1920x1080) (1.1s)
  ok  55 [chromium] › e2e\issue-22-qa.spec.ts:491:7 › evidence — catalog with a selection (tablet 1024x768) (982ms)
  ok  56 [chromium] › e2e\issue-22-qa.spec.ts:491:7 › evidence — catalog with a selection (mobile 375x667) (1.0s)
  ok  58 [chromium] › e2e\issue-23-resources.spec.ts:85:5 › AC2 — every resource link is a real https collegeboard.org URL, no placeholders (534ms)
  ok  57 [chromium] › e2e\issue-23-resources.spec.ts:55:5 › AC1 — grouped headings with real, descriptively-labeled anchors (688ms)
  ok  60 [chromium] › e2e\issue-23-resources.spec.ts:144:5 › AC4 (desktop) — persistent sidebar renders beside the intact single-page planner (728ms)
  ok  59 [chromium] › e2e\issue-23-resources.spec.ts:110:5 › AC3 — links open in a new tab with rel=noopener noreferrer and an accessible arrow icon (1.1s)
  ok  61 [chromium] › e2e\issue-23-resources.spec.ts:169:5 › AC4 (mobile) — resources collapse into an accessible disclosure near the top (950ms)
  ok  62 [chromium] › e2e\issue-23-resources.spec.ts:201:5 › AC5 — the non-affiliation footer notice is present on the home page (706ms)
  ok  63 [chromium] › e2e\issue-23-resources.spec.ts:214:5 › AC6 — cycle-labeled links read the cycle from the dataset metadata (719ms)
  ok  64 [chromium] › e2e\issue-23-resources.spec.ts:233:7 › AC7 — no horizontal overflow and keyboard-focusable links (desktop 1920x1080) (1.6s)
  ok  65 [chromium] › e2e\issue-23-resources.spec.ts:233:7 › AC7 — no horizontal overflow and keyboard-focusable links (tablet 1024x768) (1.4s)
  ok  66 [chromium] › e2e\issue-23-resources.spec.ts:233:7 › AC7 — no horizontal overflow and keyboard-focusable links (mobile 375x667) (1.4s)
  ok  67 [chromium] › e2e\issue-23-resources.spec.ts:272:5 › Home page with the resources sidebar renders without console or page errors (498ms)
  ok  68 [chromium] › e2e\issue-24-qa.spec.ts:96:7 › issue #24 — desktop catalog grouped by category by default › AC1 — desktop renders labeled category sections by default, not a flat grid (804ms)
  ok  69 [chromium] › e2e\issue-24-qa.spec.ts:123:7 › issue #24 — desktop catalog grouped by category by default › AC2 — sections are multi-column on desktop (more columns than mobile), same chip components (883ms)
  ok  70 [chromium] › e2e\issue-24-qa.spec.ts:147:7 › issue #24 — desktop catalog grouped by category by default › AC3 — search filters within/across groups; retired filter is now the quick-jump nav (1.1s)
  ok  71 [chromium] › e2e\issue-24-qa.spec.ts:190:7 › issue #24 — desktop catalog grouped by category by default › AC4 — chip click toggles the shared useSelection store; grouping changes no semantics (1.1s)
  ok  73 [chromium] › e2e\issue-24-qa.spec.ts:255:7 › issue #24 — desktop catalog grouped by category by default › AC6 — category order comes from the CATEGORIES constant, identical on desktop and mobile (565ms)
  ok  72 [chromium] › e2e\issue-24-qa.spec.ts:219:7 › issue #24 — desktop catalog grouped by category by default › AC5 — desktop reuses #22's disclosure: Tier-1 timing → Tier-2 InfoPanel → Tier-3 CB link (954ms)
  ok  74 [chromium] › e2e\issue-24-qa.spec.ts:287:7 › issue #24 — desktop catalog grouped by category by default › AC7 — a11y + responsive: real landmarks, buttons with aria-pressed, logical keyboard order, no h-scroll (1.0s)
  ok  75 [chromium] › e2e\issue-24-qa.spec.ts:362:7 › AC8 — expansion is vertical-only with a stable arrow at 1920×1080 (1.2s)
  ok  76 [chromium] › e2e\issue-24-qa.spec.ts:362:7 › AC8 — expansion is vertical-only with a stable arrow at 1024×768 (1.1s)
  ok  77 [chromium] › e2e\issue-24-qa.spec.ts:362:7 › AC8 — expansion is vertical-only with a stable arrow at 768×900 (1.0s)
  ok  78 [chromium] › e2e\issue-24-qa.spec.ts:362:7 › AC8 — expansion is vertical-only with a stable arrow at 375×667 (1.1s)
  ok  79 [chromium] › e2e\issue-24-qa.spec.ts:487:7 › evidence — grouped catalog, one selected + one expanded (desktop 1920x1080) (1.2s)
  ok  80 [chromium] › e2e\issue-24-qa.spec.ts:487:7 › evidence — grouped catalog, one selected + one expanded (tablet 1024x768) (1.2s)
  ok  82 [chromium] › e2e\issue-29-qa-v2.spec.ts:83:5 › R1 — sidebar pins at top-10 (40px) mid-scroll and tracks the viewport (788ms)
  ok  81 [chromium] › e2e\issue-24-qa.spec.ts:487:7 › evidence — grouped catalog, one selected + one expanded (mobile 375x667) (1.0s)
  ok  85 [chromium] › e2e\issue-29-qa-v2.spec.ts:220:5 › R3 — footer controls expose complete accessible names (new-tab disclosure where applicable) (609ms)
  ok  83 [chromium] › e2e\issue-29-qa-v2.spec.ts:143:5 › R1 — panel taller than the viewport: sections scroll internally, footer stays pinned in view (989ms)
  ok  86 [chromium] › e2e\issue-29-qa-v2.spec.ts:238:5 › R4 — lg boundary (1024px): desktop column presentation with the footer row, no horizontal scroll (1.1s)
  ok  87 [chromium] › e2e\issue-29-qa-v2.spec.ts:258:5 › R4 — mobile: support row visible in the SITE FOOTER while BOTH disclosures stay closed (default state) (1.0s)
  ok  84 [chromium] › e2e\issue-29-qa-v2.spec.ts:185:5 › R2 — collapsed state + outline glyph survive a reload; expanded restores the filled column (2.4s)
  ok  90 [chromium] › e2e\issue-29-qa.spec.ts:332:7 › AC3 — all 8 resource labels render on one line, untruncated, at 1024px (740ms)
  ok  89 [chromium] › e2e\issue-29-qa.spec.ts:271:5 › AC2 — mobile: no persistent left column; My Schedules and Resources are disclosures and schedule switching works inside them (1.2s)
  ok  88 [chromium] › e2e\issue-29-qa.spec.ts:182:5 › AC1 — desktop sidebar: branding → MY SCHEDULES → divider → RESOURCES; collapse toggle widens main, is announced, and is remembered (2.0s)
  ok  91 [chromium] › e2e\issue-29-qa.spec.ts:332:7 › AC3 — all 8 resource labels render on one line, untruncated, at 1440px (987ms)
  ok  92 [chromium] › e2e\issue-29-qa.spec.ts:332:7 › AC3 — all 8 resource labels render on one line, untruncated, at 1920px (937ms)
  ok  93 [chromium] › e2e\issue-29-qa.spec.ts:358:5 › AC3 — resource labels also fit on one line inside the 375px mobile disclosure (860ms)
  ok  94 [chromium] › e2e\issue-29-qa.spec.ts:385:5 › AC4 — no resource link label contains parentheses (637ms)
  ok  95 [chromium] › e2e\issue-29-qa.spec.ts:403:7 › AC5 — hovering a resource link underlines the label but never the ↗ (desktop) (1.3s)
  ok  96 [chromium] › e2e\issue-29-qa.spec.ts:403:7 › AC5 — hovering a resource link underlines the label but never the ↗ (mobile disclosure) (1.4s)
  ok  97 [chromium] › e2e\issue-29-qa.spec.ts:455:5 › AC6 — switching schedules swaps chips, list, calendar, and ICS export immediately (1.5s)
  ok  98 [chromium] › e2e\issue-29-qa.spec.ts:517:5 › AC7 — + creates 'Schedule N'; inline rename; delete needs confirmation; the last schedule cannot be deleted (1.2s)
  ok  99 [chromium] › e2e\issue-29-qa.spec.ts:589:5 › AC8 — two schedules hold OPPOSITE resolutions of the same collision without leaking; legacy mirror follows the active schedule (1.2s)
  ok 101 [chromium] › e2e\issue-29-qa.spec.ts:719:5 › AC10 — legacy apx.selection.v1 + apx.resolutions.v1 are adopted as 'Schedule 1' with nothing lost (789ms)
  ok 100 [chromium] › e2e\issue-29-qa.spec.ts:675:5 › AC9 — schedules persist across reload in versioned localStorage with zero cookies (1.8s)
  ok 103 [chromium] › e2e\issue-29-qa.spec.ts:811:5 › AC12 — radiogroup roving tabindex + arrow keys; rename and delete manage focus; collapse toggle is keyboard-operable (1.0s)
  ok 102 [chromium] › e2e\issue-29-qa.spec.ts:779:5 › AC11 — creating and switching schedules in one tab is reflected in another tab (1.5s)
[WebServer] [browser] A tree hydrated but some attributes of the server rendered HTML didn't match the client properties. This won't be patched up. This can happen if a SSR-ed Client Component used:
[WebServer] 
[WebServer] - A server/client branch `if (typeof window !== 'undefined')`.
[WebServer] - Variable input such as `Date.now()` or `Math.random()` which changes each time it's called.
[WebServer] - Date formatting in a user's locale which doesn't match the server.
[WebServer] - External changing data without sending a snapshot of it along with the HTML.
[WebServer] - Invalid HTML tag nesting.
[WebServer] 
[WebServer] It can also happen if the client has a browser extension installed which messes with the HTML before React loaded.
[WebServer] 
[WebServer] https://react.dev/link/hydration-mismatch
[WebServer] 
[WebServer]   ...
[WebServer]     <LoadingBoundary name="/" loading={null}>
[WebServer]       <HTTPAccessFallbackBoundary notFound={{...}} forbidden={undefined} unauthorized={undefined}>
[WebServer]         <HTTPAccessFallbackErrorBoundary pathname="/" notFound={{...}} forbidden={undefined} unauthorized={undefined} ...>
[WebServer]           <RedirectBoundary>
[WebServer]             <RedirectErrorBoundary router={{...}}>
[WebServer]               <InnerLayoutRouter url="/" tree={[...]} params={{}} cacheNode={{rsc:{...}, ...}} segmentPath={[...]} ...>
[WebServer]                 <SegmentViewNode type="page" pagePath="page.tsx">
[WebServer]                   <SegmentTrieNode>
[WebServer]                   <Home>
[WebServer]                     <div data-scroll-lock-anchor={true} className="mx-auto fl...">
[WebServer]                       <Sidebar>
[WebServer]                       <main className="flex min-w..." aria-label="Exam planner">
[WebServer]                         <CatalogGrid>
[WebServer]                           <section aria-label="Subject ca..." className="flex flex-...">
[WebServer]                             <div className="flex flex-...">
[WebServer]                               <div className="flex flex-...">
[WebServer]                                 <label>
[WebServer]                                 <input
[WebServer]                                   id="subject-search"
[WebServer]                                   type="search"
[WebServer]                                   value=""
[WebServer]                                   onChange={function onChange}
[WebServer]                                   placeholder="e.g. bio"
[WebServer]                                   autoComplete="off"
[WebServer]                                   className="min-h-11 w-full rounded-lg border border-slate-300 bg-white px-3 py-2 tex..."
[WebServer] -                                 style={{caret-color:"transparent"}}
[WebServer]                                 >
[WebServer]                               ...
[WebServer]                             ...
[WebServer]                         ...
[WebServer]                 ...
[WebServer]               ...
[WebServer]  
  ok 104 [chromium] › e2e\issue-29-qa.spec.ts:886:7 › AC13 — no horizontal scroll at 1920px (desktop); evidence screenshot (916ms)
[WebServer] [browser] A tree hydrated but some attributes of the server rendered HTML didn't match the client properties. This won't be patched up. This can happen if a SSR-ed Client Component used:
[WebServer] 
[WebServer] - A server/client branch `if (typeof window !== 'undefined')`.
[WebServer] - Variable input such as `Date.now()` or `Math.random()` which changes each time it's called.
[WebServer] - Date formatting in a user's locale which doesn't match the server.
[WebServer] - External changing data without sending a snapshot of it along with the HTML.
[WebServer] - Invalid HTML tag nesting.
[WebServer] 
[WebServer] It can also happen if the client has a browser extension installed which messes with the HTML before React loaded.
[WebServer] 
[WebServer] https://react.dev/link/hydration-mismatch
[WebServer] 
[WebServer]   ...
[WebServer]     <LoadingBoundary name="/" loading={null}>
[WebServer]       <HTTPAccessFallbackBoundary notFound={{...}} forbidden={undefined} unauthorized={undefined}>
[WebServer]         <HTTPAccessFallbackErrorBoundary pathname="/" notFound={{...}} forbidden={undefined} unauthorized={undefined} ...>
[WebServer]           <RedirectBoundary>
[WebServer]             <RedirectErrorBoundary router={{...}}>
[WebServer]               <InnerLayoutRouter url="/" tree={[...]} params={{}} cacheNode={{rsc:{...}, ...}} segmentPath={[...]} ...>
[WebServer]                 <SegmentViewNode type="page" pagePath="page.tsx">
[WebServer]                   <SegmentTrieNode>
[WebServer]                   <Home>
[WebServer]                     <div data-scroll-lock-anchor={true} className="mx-auto fl...">
[WebServer]                       <Sidebar>
[WebServer]                       <main className="flex min-w..." aria-label="Exam planner">
[WebServer]                         <CatalogGrid>
[WebServer]                           <section aria-label="Subject ca..." className="flex flex-...">
[WebServer]                             <div className="flex flex-...">
[WebServer]                               <div className="flex flex-...">
[WebServer]                                 <label>
[WebServer]                                 <input
[WebServer]                                   id="subject-search"
[WebServer]                                   type="search"
[WebServer]                                   value=""
[WebServer]                                   onChange={function onChange}
[WebServer]                                   placeholder="e.g. bio"
[WebServer]                                   autoComplete="off"
[WebServer]                                   className="min-h-11 w-full rounded-lg border border-slate-300 bg-white px-3 py-2 tex..."
[WebServer] -                                 style={{caret-color:"transparent"}}
[WebServer]                                 >
[WebServer]                               ...
[WebServer]                             ...
[WebServer]                         ...
[WebServer]                 ...
[WebServer]               ...
[WebServer]  
  ok 105 [chromium] › e2e\issue-29-qa.spec.ts:886:7 › AC13 — no horizontal scroll at 1024px (tablet); evidence screenshot (810ms)
  ok 106 [chromium] › e2e\issue-29-qa.spec.ts:886:7 › AC13 — no horizontal scroll at 375px (mobile); evidence screenshot (918ms)
  ok 107 [chromium] › e2e\issue-29-qa.spec.ts:886:7 › AC13 — no horizontal scroll at 1440px (laptop); evidence screenshot (827ms)
  ok 108 [chromium] › e2e\issue-29-revision.spec.ts:64:5 › desktop sidebar is sticky: pinned and usable while the main content scrolls (789ms)
  ok 110 [chromium] › e2e\issue-29-revision.spec.ts:146:5 › desktop footer row: Send us Feedback left, GitHub icon right, same row, correct targets (916ms)
  ok 109 [chromium] › e2e\issue-29-revision.spec.ts:122:5 › collapse toggle uses the panel glyph (rect + column divider), not a chevron, in both states (971ms)
  ok 111 [chromium] › e2e\issue-29-revision.spec.ts:198:5 › footer hover: feedback text underlines, the GitHub icon does not (732ms)
  ok 114 [chromium] › e2e\issue-29-revision.spec.ts:292:5 › #60 — desktop with a tall viewport: the support row pins to the bottom edge, far below the last RESOURCES link (709ms)
  ok 112 [chromium] › e2e\issue-29-revision.spec.ts:220:5 › mobile support row: lives in the SITE FOOTER (not the sidebar card) with ≥44px touch targets (959ms)
  ok 113 [chromium] › e2e\issue-29-revision.spec.ts:273:5 › #60 — exactly one Send-us-Feedback button and one GitHub link are exposed to assistive tech at every viewport (1.5s)
  ok 115 [chromium] › e2e\issue-29-revision.spec.ts:333:5 › R6: the delete-schedule dialog is portaled to <body> and its backdrop dims the sticky catalog filter bar (947ms)
  ok 116 [chromium] › e2e\issue-3-catalog-grid.spec.ts:48:7 › issue #3 — subject catalog › AC1 — renders every subject with name, category, and date/deadline meta (898ms)
  ok 117 [chromium] › e2e\issue-3-catalog-grid.spec.ts:76:7 › issue #3 — subject catalog › AC2 — labeled search filters by name, case-insensitively, live as you type (840ms)
  ok 118 [chromium] › e2e\issue-3-catalog-grid.spec.ts:101:7 › issue #3 — subject catalog › AC3 — category chips are a quick-jump to their section, and track search (983ms)
  ok 119 [chromium] › e2e\issue-3-catalog-grid.spec.ts:144:7 › issue #3 — subject catalog › AC4 — tapping a card toggles My Exams and updates the running count (917ms)
  ok 120 [chromium] › e2e\issue-3-catalog-grid.spec.ts:162:7 › issue #3 — subject catalog › AC5 — selection persists in localStorage apx.selection.v1 across reload (1.3s)
  ok 122 [chromium] › e2e\issue-3-catalog-grid.spec.ts:225:7 › issue #3 — subject catalog › AC7 — responsive: category-sectioned chips at 375px with no h-scroll, grouped multi-column sections at 1920px (839ms)
  ok 121 [chromium] › e2e\issue-3-catalog-grid.spec.ts:191:7 › issue #3 — subject catalog › AC6 — cards are keyboard focusable in DOM order and toggle on Enter/Space (990ms)
  ok 125 [chromium] › e2e\issue-3-catalog-grid.spec.ts:289:7 › evidence — catalog with a selection (mobile 375x667) (1.0s)
  ok 124 [chromium] › e2e\issue-3-catalog-grid.spec.ts:289:7 › evidence — catalog with a selection (tablet 1024x768) (1.2s)
  ok 123 [chromium] › e2e\issue-3-catalog-grid.spec.ts:289:7 › evidence — catalog with a selection (desktop 1920x1080) (1.2s)
  ok 126 [chromium] › e2e\issue-30-calendar-palette.spec.ts:269:5 › AC1/AC2 — unresolved conflict paints both blocks orange with a caution marker and worded label (1.1s)
  ok 128 [chromium] › e2e\issue-30-calendar-palette.spec.ts:363:5 › AC4 — the four block-bearing categories render distinct pastel fills, none equal to the orange conflict tone (1.1s)
  ok 127 [chromium] › e2e\issue-30-calendar-palette.spec.ts:314:5 › AC3 — resolved conflict drops the orange: keeper returns to its pastel category, mover shows late (no marker) (1.2s)
issue-30 contrast (dark): STEM (blue)=9.46:1  Humanities (yellow)=7.83:1  Languages (green)=8.16:1  Conflict (orange)=8.27:1  Arts (pink)=8.72:1
  ok 130 [chromium] › e2e\issue-30-calendar-palette.spec.ts:420:7 › AC5 — block text clears WCAG AA on every fill in dark mode (1.1s)
issue-30 contrast (light): STEM (blue)=7.71:1  Humanities (yellow)=6.60:1  Languages (green)=6.32:1  Conflict (orange)=5.56:1  Arts (pink)=5.09:1
  ok 129 [chromium] › e2e\issue-30-calendar-palette.spec.ts:420:7 › AC5 — block text clears WCAG AA on every fill in light mode (1.2s)
  ok 131 [chromium] › e2e\issue-30-qa.spec.ts:208:7 › AC1/AC2 evidence — conflict week renders orange ⚠️ blocks with no errors (desktop 1920×1080) (1.2s)
  ok 133 [chromium] › e2e\issue-30-qa.spec.ts:208:7 › AC1/AC2 evidence — conflict week renders orange ⚠️ blocks with no errors (mobile 375×667) (1.2s)
  ok 132 [chromium] › e2e\issue-30-qa.spec.ts:208:7 › AC1/AC2 evidence — conflict week renders orange ⚠️ blocks with no errors (tablet 1024×768) (1.2s)
  ok 134 [chromium] › e2e\issue-30-qa.spec.ts:238:5 › AC3 evidence — resolved conflict: keeper pastel, mover keeps the 'Moved to late testing' affordance (1.4s)
  ok 136 [chromium] › e2e\issue-30-qa.spec.ts:370:5 › AC8 — legend and off-grid markers use the pastel accent scheme (incl. Career Kickstart) (1.2s)
  ok 137 [chromium] › e2e\issue-31-qa.spec.ts:238:5 › AC1 — 375px: Export, List, Calendar sit on ONE row below the My Schedule header; cycle banner keeps its own line (881ms)
  ok 138 [chromium] › e2e\issue-31-qa.spec.ts:261:5 › AC2 — 375px: segmented switcher endcaps + filled Export visually distinct from outline chips (959ms)
  ok 139 [chromium] › e2e\issue-31-qa.spec.ts:318:7 › AC3 — 375px: slim 32px pills with ≥44px effective tap targets, ≥8px switcher↔Export gap (1.0s)
  ok 135 [chromium] › e2e\issue-30-qa.spec.ts:291:5 › AC4/AC6 — dark mode: category fills distinct from each other and from orange; conflict + resolved screenshots (2.5s)
  ok 140 [chromium] › e2e\issue-31-qa.spec.ts:318:7 › AC3 — 320px: slim 32px pills with ≥44px effective tap targets, ≥8px switcher↔Export gap (990ms)
  ok 141 [chromium] › e2e\issue-31-qa.spec.ts:351:5 › AC4 — 375px & 360px: 'Export' label (issue #51), one row, no page h-scroll (949ms)
  ok 142 [chromium] › e2e\issue-31-qa.spec.ts:366:5 › AC4 — 320px: 'Export' label (never stacks), one row, no page h-scroll (867ms)
  ok 145 [chromium] › e2e\issue-31-qa.spec.ts:491:7 › AC6 — 768px: one-row toolbar at slim 32px control height, no h-scroll (769ms)
  ok 143 [chromium] › e2e\issue-31-qa.spec.ts:389:5 › AC5 — switcher keeps aria-pressed semantics; hover state distinguishable (1.1s)
  ok 144 [chromium] › e2e\issue-31-qa.spec.ts:417:5 › AC5 — keyboard focus reaches List → Calendar → Export in visual order, each with a visible focus indicator (1.1s)
  ok 146 [chromium] › e2e\issue-31-qa.spec.ts:491:7 › AC6 — 1024px: one-row toolbar at slim 32px control height, no h-scroll (1.1s)
  ok 148 [chromium] › e2e\issue-31-qa.spec.ts:512:7 › AC7 — 375px: toolbar geometry identical between Calendar and List views (1.0s)
  ok 147 [chromium] › e2e\issue-31-qa.spec.ts:491:7 › AC6 — 1920px: one-row toolbar at slim 32px control height, no h-scroll (1.1s)
  ok 150 [chromium] › e2e\issue-37-qa.spec.ts:106:7 › issue #37 — annual dataset swap to the May 2027 cycle › AC6 — every cycle-derived label reads the new cycle: banner, footer, resources, page description (725ms)
  ok 149 [chromium] › e2e\issue-31-qa.spec.ts:512:7 › AC7 — 1920px: toolbar geometry identical between Calendar and List views (1.0s)
  ok 152 [chromium] › e2e\issue-37-qa.spec.ts:185:7 › issue #37 — annual dataset swap to the May 2027 cycle › AC3/AC6 — the calendar pager derives its weeks from the published 2027 windows (993ms)
  ok 153 [chromium] › e2e\issue-37-qa.spec.ts:225:7 › issue #37 — annual dataset swap to the May 2027 cycle › AC1/AC2 — the catalog renders the full published 2027 roster, and a schedule-only exam carries its published qualifier (924ms)
  ok 151 [chromium] › e2e\issue-37-qa.spec.ts:140:7 › issue #37 — annual dataset swap to the May 2027 cycle › AC6 — no "2026" survives in any rendered surface (catalog, list, calendar, details, resources) (2.0s)
  ok 156 [chromium] › e2e\issue-37-qa.spec.ts:319:7 › issue #37 — annual dataset swap to the May 2027 cycle › AC8 — a saved plan carrying a subject id that no longer exists renders without crashing (886ms)
  ok 154 [chromium] › e2e\issue-37-qa.spec.ts:257:7 › issue #37 — annual dataset swap to the May 2027 cycle › AC1/AC4 — an unpublished value renders as a visible pending badge, never a fabricated one (1.2s)
  ok 155 [chromium] › e2e\issue-37-qa.spec.ts:289:7 › issue #37 — annual dataset swap to the May 2027 cycle › AC6 — the ICS export is named for the new cycle and its dates land in the published 2027 windows (1.1s)
  ok 157 [chromium] › e2e\issue-37-qa.spec.ts:381:7 › issue #37 — annual dataset swap to the May 2027 cycle › AC5 — the shipped dataset declares the cycle and fetch date the sources file documents (713ms)
[WebServer] [browser] A tree hydrated but some attributes of the server rendered HTML didn't match the client properties. This won't be patched up. This can happen if a SSR-ed Client Component used:
[WebServer] 
[WebServer] - A server/client branch `if (typeof window !== 'undefined')`.
[WebServer] - Variable input such as `Date.now()` or `Math.random()` which changes each time it's called.
[WebServer] - Date formatting in a user's locale which doesn't match the server.
[WebServer] - External changing data without sending a snapshot of it along with the HTML.
[WebServer] - Invalid HTML tag nesting.
[WebServer] 
[WebServer] It can also happen if the client has a browser extension installed which messes with the HTML before React loaded.
[WebServer] 
[WebServer] https://react.dev/link/hydration-mismatch
[WebServer] 
[WebServer]   ...
[WebServer]     <LoadingBoundary name="/" loading={null}>
[WebServer]       <HTTPAccessFallbackBoundary notFound={{...}} forbidden={undefined} unauthorized={undefined}>
[WebServer]         <HTTPAccessFallbackErrorBoundary pathname="/" notFound={{...}} forbidden={undefined} unauthorized={undefined} ...>
[WebServer]           <RedirectBoundary>
[WebServer]             <RedirectErrorBoundary router={{...}}>
[WebServer]               <InnerLayoutRouter url="/" tree={[...]} params={{}} cacheNode={{rsc:{...}, ...}} segmentPath={[...]} ...>
[WebServer]                 <SegmentViewNode type="page" pagePath="page.tsx">
[WebServer]                   <SegmentTrieNode>
[WebServer]                   <Home>
[WebServer]                     <div data-scroll-lock-anchor={true} className="mx-auto fl...">
[WebServer]                       <Sidebar>
[WebServer]                       <main className="flex min-w..." aria-label="Exam planner">
[WebServer]                         <CatalogGrid>
[WebServer]                           <section aria-label="Subject ca..." className="flex flex-...">
[WebServer]                             <div className="flex flex-...">
[WebServer]                               <div className="flex flex-...">
[WebServer]                                 <label>
[WebServer]                                 <input
[WebServer]                                   id="subject-search"
[WebServer]                                   type="search"
[WebServer]                                   value=""
[WebServer]                                   onChange={function onChange}
[WebServer]                                   placeholder="e.g. bio"
[WebServer]                                   autoComplete="off"
[WebServer]                                   className="min-h-11 w-full rounded-lg border border-slate-300 bg-white px-3 py-2 tex..."
[WebServer] -                                 style={{caret-color:"transparent"}}
[WebServer]                                 >
[WebServer]                               ...
[WebServer]                             ...
[WebServer]                         ...
[WebServer]                 ...
[WebServer]               ...
[WebServer]  
[WebServer] [browser] A tree hydrated but some attributes of the server rendered HTML didn't match the client properties. This won't be patched up. This can happen if a SSR-ed Client Component used:
[WebServer] 
[WebServer] - A server/client branch `if (typeof window !== 'undefined')`.
[WebServer] - Variable input such as `Date.now()` or `Math.random()` which changes each time it's called.
[WebServer] - Date formatting in a user's locale which doesn't match the server.
[WebServer] - External changing data without sending a snapshot of it along with the HTML.
[WebServer] - Invalid HTML tag nesting.
[WebServer] 
[WebServer] It can also happen if the client has a browser extension installed which messes with the HTML before React loaded.
[WebServer] 
[WebServer] https://react.dev/link/hydration-mismatch
[WebServer] 
[WebServer]   ...
[WebServer]     <LoadingBoundary name="/" loading={null}>
[WebServer]       <HTTPAccessFallbackBoundary notFound={{...}} forbidden={undefined} unauthorized={undefined}>
[WebServer]         <HTTPAccessFallbackErrorBoundary pathname="/" notFound={{...}} forbidden={undefined} unauthorized={undefined} ...>
[WebServer]           <RedirectBoundary>
[WebServer]             <RedirectErrorBoundary router={{...}}>
[WebServer]               <InnerLayoutRouter url="/" tree={[...]} params={{}} cacheNode={{rsc:{...}, ...}} segmentPath={[...]} ...>
[WebServer]                 <SegmentViewNode type="page" pagePath="page.tsx">
[WebServer]                   <SegmentTrieNode>
[WebServer]                   <Home>
[WebServer]                     <div data-scroll-lock-anchor={true} className="mx-auto fl...">
[WebServer]                       <Sidebar>
[WebServer]                       <main className="flex min-w..." aria-label="Exam planner">
[WebServer]                         <CatalogGrid>
[WebServer]                           <section aria-label="Subject ca..." className="flex flex-...">
[WebServer]                             <div className="flex flex-...">
[WebServer]                               <div className="flex flex-...">
[WebServer]                                 <label>
[WebServer]                                 <input
[WebServer]                                   id="subject-search"
[WebServer]                                   type="search"
[WebServer]                                   value=""
[WebServer]                                   onChange={function onChange}
[WebServer]                                   placeholder="e.g. bio"
[WebServer]                                   autoComplete="off"
[WebServer]                                   className="min-h-11 w-full rounded-lg border border-slate-300 bg-white px-3 py-2 tex..."
[WebServer] -                                 style={{caret-color:"transparent"}}
[WebServer]                                 >
[WebServer]                               ...
[WebServer]                             ...
[WebServer]                         ...
[WebServer]                 ...
[WebServer]               ...
[WebServer]  
  ok 159 [chromium] › e2e\issue-37-qa.spec.ts:402:9 › issue #37 — visual evidence › evidence — planner with a 2027 plan (tablet 1024x768) (889ms)
  ok 158 [chromium] › e2e\issue-37-qa.spec.ts:402:9 › issue #37 — visual evidence › evidence — planner with a 2027 plan (desktop 1920x1080) (955ms)
  ok 160 [chromium] › e2e\issue-37-qa.spec.ts:402:9 › issue #37 — visual evidence › evidence — planner with a 2027 plan (mobile 375x667) (944ms)
  ok 162 [chromium] › e2e\issue-37-qa.spec.ts:452:7 › issue #37 — visual evidence › evidence — calendar week pager across the published 2027 windows (desktop) (1.4s)
  ok 161 [chromium] › e2e\issue-37-qa.spec.ts:424:7 › issue #37 — visual evidence › evidence — the schedule-only exam's published qualifier (desktop) (1.6s)
  ok 163 [chromium] › e2e\issue-37-qa.spec.ts:481:7 › issue #37 — visual evidence › evidence — a stale saved subject id degrades gracefully (desktop) (943ms)
  ok 166 [chromium] › e2e\issue-4-schedule-view.spec.ts:144:7 › issue #4 — my schedule › AC3 — a portfolio-only subject appears only as a deadline entry, never as an exam (936ms)
  ok 165 [chromium] › e2e\issue-4-schedule-view.spec.ts:106:7 › issue #4 — my schedule › AC2 — a subject with a portfolio renders a distinct 'Portfolio due' entry + internal-deadline note (1.0s)
  ok 164 [chromium] › e2e\issue-4-schedule-view.spec.ts:64:7 › issue #4 — my schedule › AC1 — entries render grouped by date ascending, AM before PM, with subject name + session (1.2s)
  ok 167 [chromium] › e2e\issue-4-schedule-view.spec.ts:163:7 › issue #4 — my schedule › AC4 — a banner states the cycle, read from dataset metadata (not hardcoded) (983ms)
  ok 168 [chromium] › e2e\issue-4-schedule-view.spec.ts:184:7 › issue #4 — my schedule › AC5 — zero selections shows an empty-state hint, not an empty list (951ms)
  ok 169 [chromium] › e2e\issue-4-schedule-view.spec.ts:199:7 › issue #4 — my schedule › extra — every May 2027 course is dated, so the no-date note never renders (989ms)
  ok 172 [chromium] › e2e\issue-4-schedule-view.spec.ts:228:9 › issue #4 — my schedule › AC6 — readable at 1920px with no horizontal scroll (1.2s)
  ok 170 [chromium] › e2e\issue-4-schedule-view.spec.ts:228:9 › issue #4 — my schedule › AC6 — readable at 375px with no horizontal scroll (1.4s)
  ok 171 [chromium] › e2e\issue-4-schedule-view.spec.ts:228:9 › issue #4 — my schedule › AC6 — readable at 1024px with no horizontal scroll (1.4s)
  ok 175 [chromium] › e2e\issue-4-schedule-view.spec.ts:262:7 › evidence — populated schedule (mobile 375x667) (1.5s)
  ok 173 [chromium] › e2e\issue-4-schedule-view.spec.ts:262:7 › evidence — populated schedule (desktop 1920x1080) (1.6s)
  ok 174 [chromium] › e2e\issue-4-schedule-view.spec.ts:262:7 › evidence — populated schedule (tablet 1024x768) (1.6s)
  ok 176 [chromium] › e2e\issue-41-theme-toggle.spec.ts:129:5 › AC: glyph reflects the resolved theme on first load — light OS → sun (772ms)
  ok 177 [chromium] › e2e\issue-41-theme-toggle.spec.ts:140:5 › AC: glyph reflects the resolved theme on first load — dark OS → moon (847ms)
  ok 178 [chromium] › e2e\issue-41-theme-toggle.spec.ts:151:5 › AC: the monitor glyph is absent in every state (deleted) (1.3s)
  ok 179 [chromium] › e2e\issue-41-theme-toggle.spec.ts:168:5 › AC: first click out of system picks the opposite of the resolved theme — OS dark (870ms)
  ok 180 [chromium] › e2e\issue-41-theme-toggle.spec.ts:188:5 › AC: first click out of system picks the opposite of the resolved theme — OS light (765ms)
  ok 181 [chromium] › e2e\issue-41-theme-toggle.spec.ts:203:5 › AC: after the first click it is a plain two-state light ↔ dark toggle (1.1s)
  ok 183 [chromium] › e2e\issue-41-theme-toggle.spec.ts:233:5 › AC: System mode follows a live OS change (before any click) (895ms)
  ok 182 [chromium] › e2e\issue-41-theme-toggle.spec.ts:217:5 › AC: an explicit choice stops following the OS (1.3s)
  ok 185 [chromium] › e2e\issue-41-theme-toggle.spec.ts:273:5 › AC: a stored 'system' still resolves correctly on load (980ms)
  ok 186 [chromium] › e2e\issue-41-theme-toggle.spec.ts:288:5 › AC: a malformed stored value degrades to system (no crash) (710ms)
  ok 187 [chromium] › e2e\issue-41-theme-toggle.spec.ts:304:5 › AC: no flash of the wrong theme (pre-paint apply) — Dark stored on a light OS (542ms)
  ok 184 [chromium] › e2e\issue-41-theme-toggle.spec.ts:252:5 › AC: choice persists across reload/session under apx.theme.v1 (1.6s)
  ok 188 [chromium] › e2e\issue-41-theme-toggle.spec.ts:319:5 › AC: color-scheme is set to match the active theme (native UI) (924ms)
  ok 189 [chromium] › e2e\issue-41-theme-toggle.spec.ts:332:5 › AC: class strategy — .dark on <html> flips existing dark: utilities (866ms)
  ok 191 [chromium] › e2e\issue-41-theme-toggle.spec.ts:372:5 › AC: lives in the branding row, immediately left of the collapse control, same size (586ms)
  ok 190 [chromium] › e2e\issue-41-theme-toggle.spec.ts:348:5 › AC: SSR-safe store — no hydration mismatch warning with a stored preference (1.4s)
  ok 193 [chromium] › e2e\issue-41-theme-toggle.spec.ts:427:5 › AC: renders in the mobile presentation with a 44px touch target (493ms)
  ok 195 [chromium] › e2e\issue-41-theme-toggle.spec.ts:461:7 › AC: no horizontal page scroll at 320px (expanded) (581ms)
  ok 192 [chromium] › e2e\issue-41-theme-toggle.spec.ts:403:5 › AC: h1 stays uncrowded / untruncated after the move (1024 and 1920) (1.3s)
  ok 194 [chromium] › e2e\issue-41-theme-toggle.spec.ts:439:5 › AC: reachable & operable when the desktop sidebar is collapsed (rail) (1.0s)
  ok 196 [chromium] › e2e\issue-41-theme-toggle.spec.ts:461:7 › AC: no horizontal page scroll at 375px (expanded) (620ms)
  ok 197 [chromium] › e2e\issue-41-theme-toggle.spec.ts:461:7 › AC: no horizontal page scroll at 1024px (expanded) (601ms)
  ok 198 [chromium] › e2e\issue-41-theme-toggle.spec.ts:461:7 › AC: no horizontal page scroll at 1920px (expanded) (639ms)
  ok 200 [chromium] › e2e\issue-41-theme-toggle.spec.ts:492:5 › AC: real button semantics; name conveys state + action (683ms)
  ok 199 [chromium] › e2e\issue-41-theme-toggle.spec.ts:475:5 › AC: no horizontal scroll with the collapsed rail (desktop) (887ms)
  ok 201 [chromium] › e2e\issue-41-theme-toggle.spec.ts:506:5 › AC: new state announced on activation (polite live region) (962ms)
  ok 203 [chromium] › e2e\issue-41-theme-toggle.spec.ts:540:5 › AC: icon is decorative (aria-hidden); button carries the name (489ms)
  ok 202 [chromium] › e2e\issue-41-theme-toggle.spec.ts:521:5 › AC: keyboard operable (Enter / Space activate from focus) (780ms)
[WebServer] [browser] A tree hydrated but some attributes of the server rendered HTML didn't match the client properties. This won't be patched up. This can happen if a SSR-ed Client Component used:
[WebServer] 
[WebServer] - A server/client branch `if (typeof window !== 'undefined')`.
[WebServer] - Variable input such as `Date.now()` or `Math.random()` which changes each time it's called.
[WebServer] - Date formatting in a user's locale which doesn't match the server.
[WebServer] - External changing data without sending a snapshot of it along with the HTML.
[WebServer] - Invalid HTML tag nesting.
[WebServer] 
[WebServer] It can also happen if the client has a browser extension installed which messes with the HTML before React loaded.
[WebServer] 
[WebServer] https://react.dev/link/hydration-mismatch
[WebServer] 
[WebServer]   ...
[WebServer]     <LoadingBoundary name="/" loading={null}>
[WebServer]       <HTTPAccessFallbackBoundary notFound={{...}} forbidden={undefined} unauthorized={undefined}>
[WebServer]         <HTTPAccessFallbackErrorBoundary pathname="/" notFound={{...}} forbidden={undefined} unauthorized={undefined} ...>
[WebServer]           <RedirectBoundary>
[WebServer]             <RedirectErrorBoundary router={{...}}>
[WebServer]               <InnerLayoutRouter url="/" tree={[...]} params={{}} cacheNode={{rsc:{...}, ...}} segmentPath={[...]} ...>
[WebServer]                 <SegmentViewNode type="page" pagePath="page.tsx">
[WebServer]                   <SegmentTrieNode>
[WebServer]                   <Home>
[WebServer]                     <div data-scroll-lock-anchor={true} className="mx-auto fl...">
[WebServer]                       <Sidebar>
[WebServer]                       <main className="flex min-w..." aria-label="Exam planner">
[WebServer]                         <CatalogGrid>
[WebServer]                           <section aria-label="Subject ca..." className="flex flex-...">
[WebServer]                             <div className="flex flex-...">
[WebServer]                               <div className="flex flex-...">
[WebServer]                                 <label>
[WebServer]                                 <input
[WebServer]                                   id="subject-search"
[WebServer]                                   type="search"
[WebServer]                                   value=""
[WebServer]                                   onChange={function onChange}
[WebServer]                                   placeholder="e.g. bio"
[WebServer]                                   autoComplete="off"
[WebServer]                                   className="min-h-11 w-full rounded-lg border border-slate-300 bg-white px-3 py-2 tex..."
[WebServer] -                                 style={{caret-color:"transparent"}}
[WebServer]                                 >
[WebServer]                               ...
[WebServer]                             ...
[WebServer]                         ...
[WebServer]                 ...
[WebServer]               ...
[WebServer]  
  ok 204 [chromium] › e2e\issue-41-theme-toggle.spec.ts:553:5 › AC: respects prefers-reduced-motion (no theme-transition animation) (1.0s)
  ok 207 [chromium] › e2e\issue-42-feedback-dialog.spec.ts:112:5 › AC1 — footer 'Send us Feedback' is a real <button> that opens the dialog without navigating; the GitHub icon still links to the repo (700ms)
  ok 205 [chromium] › e2e\issue-41-theme-toggle.spec.ts:572:5 › AC: branding control cluster is axe-clean in both themes (AA contrast) (2.1s)
[WebServer] [browser] A tree hydrated but some attributes of the server rendered HTML didn't match the client properties. This won't be patched up. This can happen if a SSR-ed Client Component used:
[WebServer] 
[WebServer] - A server/client branch `if (typeof window !== 'undefined')`.
[WebServer] - Variable input such as `Date.now()` or `Math.random()` which changes each time it's called.
[WebServer] - Date formatting in a user's locale which doesn't match the server.
[WebServer] - External changing data without sending a snapshot of it along with the HTML.
[WebServer] - Invalid HTML tag nesting.
[WebServer] 
[WebServer] It can also happen if the client has a browser extension installed which messes with the HTML before React loaded.
[WebServer] 
[WebServer] https://react.dev/link/hydration-mismatch
[WebServer] 
[WebServer]   ...
[WebServer]     <LoadingBoundary name="/" loading={null}>
[WebServer]       <HTTPAccessFallbackBoundary notFound={{...}} forbidden={undefined} unauthorized={undefined}>
[WebServer]         <HTTPAccessFallbackErrorBoundary pathname="/" notFound={{...}} forbidden={undefined} unauthorized={undefined} ...>
[WebServer]           <RedirectBoundary>
[WebServer]             <RedirectErrorBoundary router={{...}}>
[WebServer]               <InnerLayoutRouter url="/" tree={[...]} params={{}} cacheNode={{rsc:{...}, ...}} segmentPath={[...]} ...>
[WebServer]                 <SegmentViewNode type="page" pagePath="page.tsx">
[WebServer]                   <SegmentTrieNode>
[WebServer]                   <Home>
[WebServer]                     <div data-scroll-lock-anchor={true} className="mx-auto fl...">
[WebServer]                       <Sidebar>
[WebServer]                       <main className="flex min-w..." aria-label="Exam planner">
[WebServer]                         <CatalogGrid>
[WebServer]                           <section aria-label="Subject ca..." className="flex flex-...">
[WebServer]                             <div className="flex flex-...">
[WebServer]                               <div className="flex flex-...">
[WebServer]                                 <label>
[WebServer]                                 <input
[WebServer]                                   id="subject-search"
[WebServer]                                   type="search"
[WebServer]                                   value=""
[WebServer]                                   onChange={function onChange}
[WebServer]                                   placeholder="e.g. bio"
[WebServer]                                   autoComplete="off"
[WebServer]                                   className="min-h-11 w-full rounded-lg border border-slate-300 bg-white px-3 py-2 tex..."
[WebServer] -                                 style={{caret-color:"transparent"}}
[WebServer]                                 >
[WebServer]                               ...
[WebServer]                             ...
[WebServer]                         ...
[WebServer]                 ...
[WebServer]               ...
[WebServer]  
  ok 208 [chromium] › e2e\issue-42-feedback-dialog.spec.ts:135:5 › AC1 — opens from the mobile presentation too (375px) (827ms)
[WebServer] [browser] A tree hydrated but some attributes of the server rendered HTML didn't match the client properties. This won't be patched up. This can happen if a SSR-ed Client Component used:
[WebServer] 
[WebServer] - A server/client branch `if (typeof window !== 'undefined')`.
[WebServer] - Variable input such as `Date.now()` or `Math.random()` which changes each time it's called.
[WebServer] - Date formatting in a user's locale which doesn't match the server.
[WebServer] - External changing data without sending a snapshot of it along with the HTML.
[WebServer] - Invalid HTML tag nesting.
[WebServer] 
[WebServer] It can also happen if the client has a browser extension installed which messes with the HTML before React loaded.
[WebServer] 
[WebServer] https://react.dev/link/hydration-mismatch
[WebServer] 
[WebServer]   ...
[WebServer]     <LoadingBoundary name="/" loading={null}>
[WebServer]       <HTTPAccessFallbackBoundary notFound={{...}} forbidden={undefined} unauthorized={undefined}>
[WebServer]         <HTTPAccessFallbackErrorBoundary pathname="/" notFound={{...}} forbidden={undefined} unauthorized={undefined} ...>
[WebServer]           <RedirectBoundary>
[WebServer]             <RedirectErrorBoundary router={{...}}>
[WebServer]               <InnerLayoutRouter url="/" tree={[...]} params={{}} cacheNode={{rsc:{...}, ...}} segmentPath={[...]} ...>
[WebServer]                 <SegmentViewNode type="page" pagePath="page.tsx">
[WebServer]                   <SegmentTrieNode>
[WebServer]                   <Home>
[WebServer]                     <div data-scroll-lock-anchor={true} className="mx-auto fl...">
[WebServer]                       <Sidebar>
[WebServer]                       <main className="flex min-w..." aria-label="Exam planner">
[WebServer]                         <CatalogGrid>
[WebServer]                           <section aria-label="Subject ca..." className="flex flex-...">
[WebServer]                             <div className="flex flex-...">
[WebServer]                               <div className="flex flex-...">
[WebServer]                                 <label>
[WebServer]                                 <input
[WebServer]                                   id="subject-search"
[WebServer]                                   type="search"
[WebServer]                                   value=""
[WebServer]                                   onChange={function onChange}
[WebServer]                                   placeholder="e.g. bio"
[WebServer]                                   autoComplete="off"
[WebServer]                                   className="min-h-11 w-full rounded-lg border border-slate-300 bg-white px-3 py-2 tex..."
[WebServer] -                                 style={{caret-color:"transparent"}}
[WebServer]                                 >
[WebServer]                               ...
[WebServer]                             ...
[WebServer]                         ...
[WebServer]                 ...
[WebServer]               ...
[WebServer]  
  ok 209 [chromium] › e2e\issue-42-feedback-dialog.spec.ts:143:5 › AC2 — dialog contents match the card: heading, blurb, labeled optional email, labeled textarea w/ placeholder, Cancel + Send Feedback + ✕ (1.0s)
  ok 206 [chromium] › e2e\issue-41-theme-toggle.spec.ts:611:5 › evidence — branding-row toggle: light & dark, expanded & collapsed, desktop & mobile (3.1s)
  ok 210 [chromium] › e2e\issue-42-feedback-dialog.spec.ts:186:5 › AC3 — invalid email blocks submission with an inline, aria-tied error; no transport is touched (846ms)
  ok 213 [chromium] › e2e\issue-42-feedback-dialog.spec.ts:280:5 › AC4 — 2000-char cap is enforced (maxLength) and the live counter appears near the cap, turning emphatic at it (853ms)
  ok 211 [chromium] › e2e\issue-42-feedback-dialog.spec.ts:212:5 › AC3 — empty email submits fine (email is optional); any-domain email is accepted and rides along (1.2s)
  ok 212 [chromium] › e2e\issue-42-feedback-dialog.spec.ts:243:5 › AC4 — empty and whitespace-only messages are rejected inline (role=alert, aria-describedby, focus moves to the field); no transport (1.5s)
  ok 214 [chromium] › e2e\issue-42-feedback-dialog.spec.ts:313:5 › AC5 — pending: submit disabled w/ busy indicator, dialog not dismissable mid-flight (Cancel, ✕, Escape, backdrop all inert) (1.1s)
  ok 216 [chromium] › e2e\issue-42-feedback-dialog.spec.ts:377:5 › AC5 — failure (blocked pop-up): error surfaces, the user's text is preserved, and retry succeeds — the UI never claims success on failure (833ms)
  ok 215 [chromium] › e2e\issue-42-feedback-dialog.spec.ts:348:5 › AC5 — success: thank-you view uses the adapter's own notice and never claims delivery the interim path can't guarantee (1.3s)
  ok 219 [chromium] › e2e\issue-42-feedback-dialog.spec.ts:453:5 › AC6 — ≥44×44px touch targets on mobile (trigger, ✕, Cancel, Send) (783ms)
  ok 217 [chromium] › e2e\issue-42-feedback-dialog.spec.ts:406:5 › AC6 — focus management: initial focus in the dialog, Tab is trapped, and Cancel / Escape / ✕ each restore focus to the trigger (1.1s)
  ok 218 [chromium] › e2e\issue-42-feedback-dialog.spec.ts:441:5 › AC6 — it's a real form: Enter from the email field submits (912ms)
  ok 222 [chromium] › e2e\issue-42-feedback-dialog.spec.ts:504:7 › AC7 — dialog works at 320×568 with no horizontal page scroll (907ms)
  ok 221 [chromium] › e2e\issue-42-feedback-dialog.spec.ts:475:7 › AC6 — axe: the open dialog has no WCAG violations (dark) (1.4s)
  ok 220 [chromium] › e2e\issue-42-feedback-dialog.spec.ts:475:7 › AC6 — axe: the open dialog has no WCAG violations (light) (1.5s)
  ok 223 [chromium] › e2e\issue-42-feedback-dialog.spec.ts:504:7 › AC7 — dialog works at 375×667 with no horizontal page scroll (724ms)
  ok 225 [chromium] › e2e\issue-42-feedback-dialog.spec.ts:504:7 › AC7 — dialog works at 1920×1080 with no horizontal page scroll (938ms)
  ok 224 [chromium] › e2e\issue-42-feedback-dialog.spec.ts:504:7 › AC7 — dialog works at 1024×768 with no horizontal page scroll (1.1s)
  ok 226 [chromium] › e2e\issue-42-feedback-dialog.spec.ts:521:5 › AC7 — desktop presentation: the modal overlay covers the sticky catalog filter bar (QA v1 FAIL — issue-29 R6 regression class) (943ms)
  ok 227 [chromium] › e2e\issue-42-feedback-dialog.spec.ts:569:5 › AC7 — the dialog itself scrolls on short viewports (footer actions stay reachable) (1.0s)
  ok 229 [chromium] › e2e\issue-42-feedback-dialog.spec.ts:590:9 › AC7 — evidence: dark theme dialog at 375×667 (822ms)
  ok 228 [chromium] › e2e\issue-42-feedback-dialog.spec.ts:590:9 › AC7 — evidence: dark theme dialog at 1920×1080 (1.1s)
  ok 231 [chromium] › e2e\issue-44-qa-v2.spec.ts:108:7 › issue #44 QA v2 — one presentation (#73 bounce, superseding PR #48), independent checks › a section note survives the SECOND layout switch: Biology's FR composition note renders under the section name in the row header, below the printed title (1.1s)
  ok 230 [chromium] › e2e\issue-44-qa-v2.spec.ts:87:7 › issue #44 QA v2 — one presentation (#73 bounce, superseding PR #48), independent checks › calendar event popup (third surface) renders the table for a PARTLESS exam — the surface the original suite only ever checked with a part-carrying subject (1.1s)
  ok 232 [chromium] › e2e\issue-44-qa-v2.spec.ts:139:7 › issue #44 QA v2 — one presentation (#73 bounce, superseding PR #48), independent checks › a 3-section exam with NO parts (AP Music Theory) gets one table row per section and no nested rows — the case a count-based port would miss (1.0s)
  ok 235 [chromium] › e2e\issue-44-qa-v2.spec.ts:212:7 › evidence — partless Biology (tablet 1024x768, light) (1.3s)
  ok 234 [chromium] › e2e\issue-44-qa-v2.spec.ts:212:7 › evidence — partless Biology (desktop 1920x1080, light) (1.4s)
  ok 233 [chromium] › e2e\issue-44-qa-v2.spec.ts:175:7 › issue #44 QA v2 — one presentation (#73 bounce, superseding PR #48), independent checks › the metadata list keeps its mt-2 gap below the table — for the part-carrying case AND the partless one, which is now the same case (2.2s)
  ok 236 [chromium] › e2e\issue-44-qa-v2.spec.ts:212:7 › evidence — partless Biology (mobile 375x667, light) (1.1s)
  ok 237 [chromium] › e2e\issue-44-qa-v2.spec.ts:244:9 › evidence — biology-partless (desktop, light) (1.3s)
  ok 238 [chromium] › e2e\issue-44-qa-v2.spec.ts:244:9 › evidence — biology-partless (desktop, dark) (1.1s)
  ok 239 [chromium] › e2e\issue-44-qa-v2.spec.ts:244:9 › evidence — music-theory-3-sections-partless (desktop, light) (1.2s)
  ok 240 [chromium] › e2e\issue-44-qa-v2.spec.ts:244:9 › evidence — music-theory-3-sections-partless (desktop, dark) (1.1s)
  ok 241 [chromium] › e2e\issue-44-qa-v2.spec.ts:244:9 › evidence — calculus-ab-table-unchanged (desktop, light) (1.1s)
  ok 242 [chromium] › e2e\issue-44-qa-v2.spec.ts:244:9 › evidence — calculus-ab-table-unchanged (desktop, dark) (1.3s)
  ok 244 [chromium] › e2e\issue-44-qa-v3.spec.ts:181:7 › issue #44 QA v3 — one presentation (#73 bounce, superseding PR #48), independent checks › the longest section name in the dataset (AAS Section IB) is wrapped, never truncated — full text rendered, nothing clipped (898ms)
  ok 245 [chromium] › e2e\issue-44-qa-v3.spec.ts:205:7 › issue #44 QA v3 — one presentation (#73 bounce, superseding PR #48), independent checks › pending badge and omitted question count stay DISTINCT states in AAS's table (issue #73: AAS renders the table now) (1.1s)
  ok 246 [chromium] › e2e\issue-44-qa-v3.spec.ts:239:7 › issue #44 QA v3 — one presentation (#73 bounce, superseding PR #48), independent checks › the prose block's zone divider does not survive anywhere: a formerly-partless exam (Biology) and a part-carrying one (Calc AB) get the same table-branch metadata spacing (1.6s)
  ok 247 [chromium] › e2e\issue-44-qa-v3.spec.ts:269:7 › issue #44 QA v3 — one presentation (#73 bounce, superseding PR #48), independent checks › the name-vs-value hierarchy still reads in the table — section name left-aligned at full strength, values right-aligned, column headers muted — light AND dark (Biology) (1.9s)
  ok 243 [chromium] › e2e\issue-44-qa-v3.spec.ts:135:7 › issue #44 QA v3 — one presentation (#73 bounce, superseding PR #48), independent checks › clip-detector self-test, then no table cell is clipped at 1920 / 375 / 320 for Biology AND Music Theory, with no horizontal page scroll (4.8s)
  ok 250 [chromium] › e2e\issue-44-qa-v3.spec.ts:338:7 › issue #44 QA v3 — one presentation (#73 bounce, superseding PR #48), independent checks › calendar event popup (third surface) renders a partless exam's table — one row per section, nothing clipped (811ms)
  ok 248 [chromium] › e2e\issue-44-qa-v3.spec.ts:306:7 › issue #44 QA v3 — one presentation (#73 bounce, superseding PR #48), independent checks › axe: no serious/critical violations with a partless exam's table open — Biology (light) (2.8s)
  ok 251 [chromium] › e2e\issue-44-qa-v3.spec.ts:370:7 › evidence — partless Biology (desktop 1920x1080, light) (1.1s)
  ok 249 [chromium] › e2e\issue-44-qa-v3.spec.ts:321:7 › issue #44 QA v3 — one presentation (#73 bounce, superseding PR #48), independent checks › axe: no serious/critical violations with the 4-component AAS dialog open (dark) (2.6s)
  ok 252 [chromium] › e2e\issue-44-qa-v3.spec.ts:370:7 › evidence — partless Biology (tablet 1024x768, light) (880ms)
  ok 253 [chromium] › e2e\issue-44-qa-v3.spec.ts:370:7 › evidence — partless Biology (mobile 375x667, light) (1.1s)
  ok 255 [chromium] › e2e\issue-44-qa-v3.spec.ts:406:11 › evidence — biology-partless (desktop, dark) (1.1s)
  ok 254 [chromium] › e2e\issue-44-qa-v3.spec.ts:406:11 › evidence — biology-partless (desktop, light) (1.3s)
  ok 256 [chromium] › e2e\issue-44-qa-v3.spec.ts:406:11 › evidence — biology-partless (mobile, light) (992ms)
  ok 257 [chromium] › e2e\issue-44-qa-v3.spec.ts:406:11 › evidence — biology-partless (mobile, dark) (1.0s)
  ok 258 [chromium] › e2e\issue-44-qa-v3.spec.ts:406:11 › evidence — music-theory-3-sections-partless (desktop, light) (1.2s)
  ok 259 [chromium] › e2e\issue-44-qa-v3.spec.ts:406:11 › evidence — music-theory-3-sections-partless (desktop, dark) (1.1s)
  ok 260 [chromium] › e2e\issue-44-qa-v3.spec.ts:406:11 › evidence — music-theory-3-sections-partless (mobile, light) (953ms)
  ok 261 [chromium] › e2e\issue-44-qa-v3.spec.ts:406:11 › evidence — music-theory-3-sections-partless (mobile, dark) (893ms)
  ok 264 [chromium] › e2e\issue-44-qa-v4.spec.ts:210:7 › issue #44 v4 — one vertical rhythm after the #73 one-presentation port › AC1/AC2 — AP Biology (2 sections, no parts): section rows sit on the metadata rows' own 10px rhythm under one hairline token, with no leftover zone divider (desktop, light) (887ms)
  ok 262 [chromium] › e2e\issue-44-qa-v3.spec.ts:406:11 › evidence — calculus-ab-table-unchanged (desktop, light) (1.3s)
  ok 263 [chromium] › e2e\issue-44-qa-v3.spec.ts:406:11 › evidence — calculus-ab-table-unchanged (desktop, dark) (1.2s)
  ok 265 [chromium] › e2e\issue-44-qa-v4.spec.ts:226:7 › issue #44 v4 — one vertical rhythm after the #73 one-presentation port › AC2 — AP Music Theory (3 sections, no parts): the SAME rhythm contract holds on every row of a multi-section exam (desktop, light) (1.0s)
  ok 266 [chromium] › e2e\issue-44-qa-v4.spec.ts:235:7 › issue #44 v4 — one vertical rhythm after the #73 one-presentation port › AC1 — dark theme: the rhythm contract holds and section-row hairlines still share the metadata rows' token (Music Theory, desktop, dark) (1.1s)
  ok 267 [chromium] › e2e\issue-44-qa-v4.spec.ts:246:7 › issue #44 v4 — one vertical rhythm after the #73 one-presentation port › AC1/AC4 — mobile 375: the rendered distances are viewport-independent (Biology, light) (1.1s)
  ok 268 [chromium] › e2e\issue-44-qa-v4.spec.ts:255:7 › issue #44 v4 — one vertical rhythm after the #73 one-presentation port › AC2/AC5 — a part-carrying exam (Calc AB) keeps the same section rhythm, and its part rows stay subordinate: tighter padding AND a deeper indent than their section row (989ms)
  ok 270 [chromium] › e2e\issue-44-qa-v4.spec.ts:286:7 › evidence — partless Biology, one rhythm (tablet 1024x768, light) (1.0s)
  ok 269 [chromium] › e2e\issue-44-qa-v4.spec.ts:286:7 › evidence — partless Biology, one rhythm (desktop 1920x1080, light) (1.1s)
  ok 271 [chromium] › e2e\issue-44-qa-v4.spec.ts:286:7 › evidence — partless Biology, one rhythm (mobile 375x667, light) (890ms)
  ok 272 [chromium] › e2e\issue-44-qa-v4.spec.ts:322:11 › evidence — biology-partless (desktop, light) (1.2s)
  ok 273 [chromium] › e2e\issue-44-qa-v4.spec.ts:322:11 › evidence — biology-partless (desktop, dark) (1.2s)
  ok 274 [chromium] › e2e\issue-44-qa-v4.spec.ts:322:11 › evidence — biology-partless (mobile, light) (865ms)
  ok 275 [chromium] › e2e\issue-44-qa-v4.spec.ts:322:11 › evidence — biology-partless (mobile, dark) (1.2s)
  ok 277 [chromium] › e2e\issue-44-qa-v4.spec.ts:322:11 › evidence — music-theory-3-sections-partless (desktop, dark) (1.2s)
  ok 276 [chromium] › e2e\issue-44-qa-v4.spec.ts:322:11 › evidence — music-theory-3-sections-partless (desktop, light) (1.4s)
  ok 278 [chromium] › e2e\issue-44-qa-v4.spec.ts:322:11 › evidence — music-theory-3-sections-partless (mobile, light) (1.1s)
  ok 279 [chromium] › e2e\issue-44-qa-v4.spec.ts:322:11 › evidence — music-theory-3-sections-partless (mobile, dark) (1.0s)
  ok 280 [chromium] › e2e\issue-44-qa-v4.spec.ts:322:11 › evidence — calculus-ab-table-unchanged (desktop, light) (1.1s)
  ok 283 [chromium] › e2e\issue-44-qa.spec.ts:151:7 › issue #44 — per-section exam details › AC2 — a portfolio-only subject (AP Drawing) renders NO section table and no exam-format rows; its portfolio block carries the story (908ms)
  ok 282 [chromium] › e2e\issue-44-qa.spec.ts:104:7 › issue #44 — per-section exam details › AC3/AC11 — AP Seminar has NO multiple-choice row: its three published components render with College Board's names and printed nested weights, and omission is never shown as 'pending' (1.1s)
  ok 281 [chromium] › e2e\issue-44-qa-v4.spec.ts:322:11 › evidence — calculus-ab-table-unchanged (desktop, dark) (1.3s)
  ok 286 [chromium] › e2e\issue-44-qa.spec.ts:256:7 › issue #44 — per-section exam details › AC13 — genuinely unpublished values degrade to a visible 'pending' badge; the row keeps its name, count, and published note (977ms)
  ok 285 [chromium] › e2e\issue-44-qa.spec.ts:222:7 › issue #44 — per-section exam details › AC4/AC14 — AP Chinese renders its published ranges verbatim, in the page's printed section order, and 'Exam length' stays the published total (never a section sum) (1.1s)
  ok 284 [chromium] › e2e\issue-44-qa.spec.ts:176:7 › issue #44 — per-section exam details › AC12/AC7 — Calculus AB nests its published Part A/B rows beneath each section, visually subordinate and programmatically associated with the parent (1.2s)
  ok 287 [chromium] › e2e\issue-44-qa.spec.ts:274:7 › issue #44 — per-section exam details › AC3/AC13 — omission and 'pending' are distinct states in one row (AAS Individual Student Project: no printed question count vs unpublished minutes) (1.2s)
  ok 288 [chromium] › e2e\issue-44-qa.spec.ts:318:7 › issue #44 — per-section exam details › Jon's #73 bounce — an exam with NO published parts (AP Biology) renders the SAME table as a part-carrying exam: exactly one row per section, no nested or placeholder rows, and the prose presentation is gone (1.2s)
  ok 289 [chromium] › e2e\issue-44-qa.spec.ts:370:7 › issue #44 — per-section exam details › Jon's #73 bounce — mobile Tier-2 (375×667 and 320px): a partless exam's table fits with no horizontal scroll, and the dataset's longest College Board section name wraps instead of clipping (1.3s)
  ok 291 [chromium] › e2e\issue-44-qa.spec.ts:429:7 › issue #44 — per-section exam details › AC15/AC16 — mobile Tier-2 details (375×667) render the table with no horizontal scroll, including at 320px (1.0s)
  ok 290 [chromium] › e2e\issue-44-qa.spec.ts:409:7 › issue #44 — per-section exam details › AC15 — the calendar event popup shares the same sections table (1.2s)
  ok 294 [chromium] › e2e\issue-44-qa.spec.ts:487:7 › evidence — multi-part Calculus AB (tablet 1024x768, light) (997ms)
  ok 293 [chromium] › e2e\issue-44-qa.spec.ts:487:7 › evidence — multi-part Calculus AB (desktop 1920x1080, light) (1.2s)
  ok 292 [chromium] › e2e\issue-44-qa.spec.ts:446:7 › issue #44 — per-section exam details › AC16 — real table semantics (caption + scoped headers) and zero serious/critical axe violations with the dialog open (2.6s)
  ok 297 [chromium] › e2e\issue-44-qa.spec.ts:526:9 › evidence — chinese-range (desktop, dark) (970ms)
  ok 295 [chromium] › e2e\issue-44-qa.spec.ts:487:7 › evidence — multi-part Calculus AB (mobile 375x667, light) (2.9s)
  ok 298 [chromium] › e2e\issue-44-qa.spec.ts:526:9 › evidence — portfolio-drawing (desktop, light) (1.5s)
  ok 296 [chromium] › e2e\issue-44-qa.spec.ts:526:9 › evidence — chinese-range (desktop, light) (3.0s)
  ok 300 [chromium] › e2e\issue-44-qa.spec.ts:526:9 › evidence — seminar-no-mc (desktop, light) (5.2s)
  ok 299 [chromium] › e2e\issue-44-qa.spec.ts:526:9 › evidence — portfolio-drawing (desktop, dark) (5.4s)
  ok 301 [chromium] › e2e\issue-44-qa.spec.ts:526:9 › evidence — seminar-no-mc (desktop, dark) (5.2s)
  ok 304 [chromium] › e2e\issue-45-qa-v3.spec.ts:194:7 › issue #45 — corrected counts + durations + statistics frqType render in InfoPanel › AC5 — AP Statistics' free-response section note shows the sourced Section-II composition (no investigative task, no pending) (2.7s)
  ok 302 [chromium] › e2e\issue-44-qa.spec.ts:542:5 › evidence — multi-part Calculus AB (desktop, dark) (3.0s)
  ok 305 [chromium] › e2e\issue-45-qa-v3.spec.ts:216:9 › issue #45 — corrected counts + durations + statistics frqType render in InfoPanel › AC5 evidence — AP Statistics exam-details popup (desktop 1920x1080) (1.1s)
  ok 306 [chromium] › e2e\issue-45-qa-v3.spec.ts:235:9 › issue #45 — corrected counts + durations + statistics frqType render in InfoPanel › AC5 evidence — AP French exam-details popup (desktop 1920x1080) (1.1s)
  ok 303 [chromium] › e2e\issue-45-qa-v3.spec.ts:141:7 › issue #45 — corrected counts + durations + statistics frqType render in InfoPanel › AC5 — all seven subjects' catalog exam-details popup shows the corrected counts, frqType, and length; none pending (4.4s)
  ok 307 [chromium] › e2e\issue-45-qa-v3.spec.ts:216:9 › issue #45 — corrected counts + durations + statistics frqType render in InfoPanel › AC5 evidence — AP Statistics exam-details popup (tablet 1024x768) (1.0s)
  ok 308 [chromium] › e2e\issue-45-qa-v3.spec.ts:235:9 › issue #45 — corrected counts + durations + statistics frqType render in InfoPanel › AC5 evidence — AP French exam-details popup (tablet 1024x768) (1.1s)
  ok 309 [chromium] › e2e\issue-45-qa-v3.spec.ts:216:9 › issue #45 — corrected counts + durations + statistics frqType render in InfoPanel › AC5 evidence — AP Statistics exam-details popup (mobile 375x667) (967ms)
  ok 310 [chromium] › e2e\issue-45-qa-v3.spec.ts:235:9 › issue #45 — corrected counts + durations + statistics frqType render in InfoPanel › AC5 evidence — AP French exam-details popup (mobile 375x667) (965ms)
  ok 311 [chromium] › e2e\issue-45-qa-v3.spec.ts:256:7 › issue #45 — corrected counts + durations + statistics frqType render in InfoPanel › AC5 evidence — AP French calendar event popup renders the corrected 2 h 30 min (1.1s)
  ok 313 [chromium] › e2e\issue-5-conflict-resolution.spec.ts:270:7 › issue #5 — same-slot conflicts resolve to official late-testing slots › AC2 — choosing the keeper moves each non-keeper to ITS OWN late-testing slot, shown under the late date with a 'Moved to late testing' tag (900ms)
  ok 312 [chromium] › e2e\issue-5-conflict-resolution.spec.ts:223:7 › issue #5 — same-slot conflicts resolve to official late-testing slots › AC1 — conflict prompt appears when the collision comes into existence (second selection AND persisted load), naming both subjects + the shared slot (1.9s)
  ok 315 [chromium] › e2e\issue-5-conflict-resolution.spec.ts:360:7 › issue #5 — same-slot conflicts resolve to official late-testing slots › AC5 — two moved exams landing on the same late slot show a named warning; both entries render; no forced second resolution (990ms)
  ok 314 [chromium] › e2e\issue-5-conflict-resolution.spec.ts:298:7 › issue #5 — same-slot conflicts resolve to official late-testing slots › AC3 — resolution persists in apx.resolutions.v1 across reload; deselecting an involved subject clears it and restores the regular slot; re-creating the collision re-prompts (2.0s)
  ok 316 [chromium] › e2e\issue-5-conflict-resolution.spec.ts:404:7 › issue #5 — same-slot conflicts resolve to official late-testing slots › AC6 — both the prompt and the moved-exam tag carry the AP-coordinator planning-choice wording (1.1s)
  ok 317 [chromium] › e2e\issue-5-conflict-resolution.spec.ts:419:7 › issue #5 — same-slot conflicts resolve to official late-testing slots › AC7 — portfolio deadlines sharing a date never trigger the conflict flow (951ms)
  ok 319 [chromium] › e2e\issue-5-conflict-resolution.spec.ts:532:7 › evidence — conflict prompt renders at desktop 1920x1080 (1.3s)
  ok 320 [chromium] › e2e\issue-5-conflict-resolution.spec.ts:532:7 › evidence — conflict prompt renders at tablet 1024x768 (1.1s)
  ok 318 [chromium] › e2e\issue-5-conflict-resolution.spec.ts:447:7 › issue #5 — same-slot conflicts resolve to official late-testing slots › AC9 — the schedule renders the RESOLVED slot (never the default) and the conflict styling meets WCAG AA contrast in light and dark (2.2s)
  ok 321 [chromium] › e2e\issue-5-conflict-resolution.spec.ts:532:7 › evidence — conflict prompt renders at mobile 375x667 (1.1s)
  ok 323 [chromium] › e2e\issue-50-qa.spec.ts:142:5 › AC1/AC5 — all 8 resource links + College Board button use the shared aria-hidden currentColor SVG; sr-only new-tab hint intact (light) (1.2s)
  ok 324 [chromium] › e2e\issue-50-qa.spec.ts:175:5 › AC1 — dark theme: icon stroke tracks the dark-mode link/button color (currentColor, no hardcoded fills) (983ms)
  ok 322 [chromium] › e2e\issue-5-conflict-resolution.spec.ts:548:5 › evidence — resolved state (moved tag) and late-late warning at desktop (2.6s)
  ok 326 [chromium] › e2e\issue-50-qa.spec.ts:212:5 › AC2 — no U+2197 text node renders: mobile with disclosures open (688ms)
  ok 325 [chromium] › e2e\issue-50-qa.spec.ts:196:5 › AC2 — no U+2197 text node renders: desktop with dialog open (955ms)
  ok 329 [chromium] › e2e\issue-50-qa.spec.ts:312:5 › AC4 — hover underlines the label span only; anchor and SVG never carry the underline (2.2s)
  ok 328 [chromium] › e2e\issue-50-qa.spec.ts:292:5 › AC3 — collapsed sidebar unchanged: resources (and their icons) fully hide in the w-10 rail, restore on expand (2.4s)
  ok 327 [chromium] › e2e\issue-50-qa.spec.ts:230:5 › AC3 — icon box is exactly 1em of each call site's font (16px sidebar, 14px CB button), 4px gap after the label, inside the link's single line box (2.6s)
  ok 331 [chromium] › e2e\issue-50-qa.spec.ts:346:7 › AC6 — expanded sidebar is 320px and every resource label fits one line untruncated at 1440px (5.1s)
  ok 330 [chromium] › e2e\issue-50-qa.spec.ts:346:7 › AC6 — expanded sidebar is 320px and every resource label fits one line untruncated at 1024px (5.2s)
  ok 332 [chromium] › e2e\issue-50-qa.spec.ts:346:7 › AC6 — expanded sidebar is 320px and every resource label fits one line untruncated at 1920px (5.0s)
[WebServer] [browser] A tree hydrated but some attributes of the server rendered HTML didn't match the client properties. This won't be patched up. This can happen if a SSR-ed Client Component used:
[WebServer] 
[WebServer] - A server/client branch `if (typeof window !== 'undefined')`.
[WebServer] - Variable input such as `Date.now()` or `Math.random()` which changes each time it's called.
[WebServer] - Date formatting in a user's locale which doesn't match the server.
[WebServer] - External changing data without sending a snapshot of it along with the HTML.
[WebServer] - Invalid HTML tag nesting.
[WebServer] 
[WebServer] It can also happen if the client has a browser extension installed which messes with the HTML before React loaded.
[WebServer] 
[WebServer] https://react.dev/link/hydration-mismatch
[WebServer] 
[WebServer]   ...
[WebServer]     <LoadingBoundary name="/" loading={null}>
[WebServer]       <HTTPAccessFallbackBoundary notFound={{...}} forbidden={undefined} unauthorized={undefined}>
[WebServer]         <HTTPAccessFallbackErrorBoundary pathname="/" notFound={{...}} forbidden={undefined} unauthorized={undefined} ...>
[WebServer]           <RedirectBoundary>
[WebServer]             <RedirectErrorBoundary router={{...}}>
[WebServer]               <InnerLayoutRouter url="/" tree={[...]} params={{}} cacheNode={{rsc:{...}, ...}} segmentPath={[...]} ...>
[WebServer]                 <SegmentViewNode type="page" pagePath="page.tsx">
[WebServer]                   <SegmentTrieNode>
[WebServer]                   <Home>
[WebServer]                     <div data-scroll-lock-anchor={true} className="mx-auto fl...">
[WebServer]                       <Sidebar>
[WebServer]                       <main className="flex min-w..." aria-label="Exam planner">
[WebServer]                         <CatalogGrid>
[WebServer]                           <section aria-label="Subject ca..." className="flex flex-...">
[WebServer]                             <div className="flex flex-...">
[WebServer]                               <div className="flex flex-...">
[WebServer]                                 <label>
[WebServer]                                 <input
[WebServer]                                   id="subject-search"
[WebServer]                                   type="search"
[WebServer]                                   value=""
[WebServer]                                   onChange={function onChange}
[WebServer]                                   placeholder="e.g. bio"
[WebServer]                                   autoComplete="off"
[WebServer]                                   className="min-h-11 w-full rounded-lg border border-slate-300 bg-white px-3 py-2 tex..."
[WebServer] -                                 style={{caret-color:"transparent"}}
[WebServer]                                 >
[WebServer]                               ...
[WebServer]                             ...
[WebServer]                         ...
[WebServer]                 ...
[WebServer]               ...
[WebServer]  
[WebServer] [browser] A tree hydrated but some attributes of the server rendered HTML didn't match the client properties. This won't be patched up. This can happen if a SSR-ed Client Component used:
[WebServer] 
[WebServer] - A server/client branch `if (typeof window !== 'undefined')`.
[WebServer] - Variable input such as `Date.now()` or `Math.random()` which changes each time it's called.
[WebServer] - Date formatting in a user's locale which doesn't match the server.
[WebServer] - External changing data without sending a snapshot of it along with the HTML.
[WebServer] - Invalid HTML tag nesting.
[WebServer] 
[WebServer] It can also happen if the client has a browser extension installed which messes with the HTML before React loaded.
[WebServer] 
[WebServer] https://react.dev/link/hydration-mismatch
[WebServer] 
[WebServer]   ...
[WebServer]     <LoadingBoundary name="/" loading={null}>
[WebServer]       <HTTPAccessFallbackBoundary notFound={{...}} forbidden={undefined} unauthorized={undefined}>
[WebServer]         <HTTPAccessFallbackErrorBoundary pathname="/" notFound={{...}} forbidden={undefined} unauthorized={undefined} ...>
[WebServer]           <RedirectBoundary>
[WebServer]             <RedirectErrorBoundary router={{...}}>
[WebServer]               <InnerLayoutRouter url="/" tree={[...]} params={{}} cacheNode={{rsc:{...}, ...}} segmentPath={[...]} ...>
[WebServer]                 <SegmentViewNode type="page" pagePath="page.tsx">
[WebServer]                   <SegmentTrieNode>
[WebServer]                   <Home>
[WebServer]                     <div data-scroll-lock-anchor={true} className="mx-auto fl...">
[WebServer]                       <Sidebar>
[WebServer]                       <main className="flex min-w..." aria-label="Exam planner">
[WebServer]                         <CatalogGrid>
[WebServer]                           <section aria-label="Subject ca..." className="flex flex-...">
[WebServer]                             <div className="flex flex-...">
[WebServer]                               <div className="flex flex-...">
[WebServer]                                 <label>
[WebServer]                                 <input
[WebServer]                                   id="subject-search"
[WebServer]                                   type="search"
[WebServer]                                   value=""
[WebServer]                                   onChange={function onChange}
[WebServer]                                   placeholder="e.g. bio"
[WebServer]                                   autoComplete="off"
[WebServer]                                   className="min-h-11 w-full rounded-lg border border-slate-300 bg-white px-3 py-2 tex..."
[WebServer] -                                 style={{caret-color:"transparent"}}
[WebServer]                                 >
[WebServer]                               ...
[WebServer]                             ...
[WebServer]                         ...
[WebServer]                 ...
[WebServer]               ...
[WebServer]  
  ok 333 [chromium] › e2e\issue-50-qa.spec.ts:388:5 › AC7 — each external link exposes exactly one visible affordance: one SVG arrow, zero text arrows (3.1s)
  ok 336 [chromium] › e2e\issue-51-qa.spec.ts:89:9 › issue #51 — Export trigger button › AC1/AC2 — trigger reads exactly "Export" with menu semantics at 320px (711ms)
  ok 335 [chromium] › e2e\issue-50-qa.spec.ts:414:7 › evidence — standard viewports, dark theme (4.1s)
  ok 334 [chromium] › e2e\issue-50-qa.spec.ts:414:7 › evidence — standard viewports, light theme (4.3s)
  ok 337 [chromium] › e2e\issue-51-qa.spec.ts:89:9 › issue #51 — Export trigger button › AC1/AC2 — trigger reads exactly "Export" with menu semantics at 375px (740ms)
  ok 338 [chromium] › e2e\issue-51-qa.spec.ts:89:9 › issue #51 — Export trigger button › AC1/AC2 — trigger reads exactly "Export" with menu semantics at 1024px (648ms)
  ok 339 [chromium] › e2e\issue-51-qa.spec.ts:89:9 › issue #51 — Export trigger button › AC1/AC2 — trigger reads exactly "Export" with menu semantics at 1920px (750ms)
  ok 340 [chromium] › e2e\issue-51-qa.spec.ts:117:7 › issue #51 — Export trigger button › AC2 — trigger enables on selection and aria-expanded tracks open state (956ms)
  ok 341 [chromium] › e2e\issue-51-qa.spec.ts:149:7 › issue #51 — menu items › AC4 — exactly five menuitems in order: png-list, png-calendar, ics, json, txt (937ms)
  ok 342 [chromium] › e2e\issue-51-qa.spec.ts:177:7 › issue #51 — keyboard menu semantics › AC3 — ArrowDown opens+focuses first, roving Down/Up/Home/End, Escape returns focus (891ms)
  ok 343 [chromium] › e2e\issue-51-qa.spec.ts:216:7 › issue #51 — keyboard menu semantics › AC3 — ArrowUp on the trigger opens+focuses the LAST item (793ms)
  ok 344 [chromium] › e2e\issue-51-qa.spec.ts:228:7 › issue #51 — keyboard menu semantics › AC3 — click-outside closes the menu (958ms)
  ok 345 [chromium] › e2e\issue-51-qa.spec.ts:246:7 › issue #51 — no scroll lock (#49 defect class) › AC5 — opening the menu does not lock body scroll or shift the layout (914ms)
  ok 346 [chromium] › e2e\issue-51-qa.spec.ts:296:7 › issue #51 — stacking (#42 R6 defect class) › AC6 — menu portals to <body> and every item is the top-most element at its center (991ms)
  ok 347 [chromium] › e2e\issue-51-qa.spec.ts:345:7 › issue #51 — real downloads per format › AC13/AC9 — .json downloads the versioned envelope matching the selection (1.1s)
  ok 348 [chromium] › e2e\issue-51-qa.spec.ts:375:7 › issue #51 — real downloads per format › AC13/AC10 — .txt downloads a CRLF, chronologically-sorted schedule (1.1s)
  ok 351 [chromium] › e2e\issue-51-qa.spec.ts:444:7 › issue #51 — real downloads per format › AC13/AC7 — .ics downloads the unchanged calendar file (blob, valid VCALENDAR) (1.0s)
  ok 349 [chromium] › e2e\issue-51-qa.spec.ts:407:9 › issue #51 — real downloads per format › AC13/AC8 — list .png downloads one designed card per non-empty testing week (1.9s)
  ok 350 [chromium] › e2e\issue-51-qa.spec.ts:407:9 › issue #51 — real downloads per format › AC13/AC8 — calendar .png downloads one designed card per non-empty testing week (2.0s)
  ok 352 [chromium] › e2e\issue-51-qa.spec.ts:470:9 › issue #51 — no horizontal scroll (issue #8 bar) › AC12 — no horizontal scroll at 320px with the menu open (859ms)
  ok 353 [chromium] › e2e\issue-51-qa.spec.ts:470:9 › issue #51 — no horizontal scroll (issue #8 bar) › AC12 — no horizontal scroll at 375px with the menu open (823ms)
  ok 354 [chromium] › e2e\issue-51-qa.spec.ts:470:9 › issue #51 — no horizontal scroll (issue #8 bar) › AC12 — no horizontal scroll at 1024px with the menu open (1.1s)
  ok 355 [chromium] › e2e\issue-51-qa.spec.ts:470:9 › issue #51 — no horizontal scroll (issue #8 bar) › AC12 — no horizontal scroll at 1920px with the menu open (1.0s)
  ok 356 [chromium] › e2e\issue-51-qa.spec.ts:498:7 › evidence — Export menu open (menu-desktop-light) (1.0s)
  ok 358 [chromium] › e2e\issue-51-qa.spec.ts:498:7 › evidence — Export menu open (menu-mobile-light) (1.2s)
  ok 359 [chromium] › e2e\issue-51-qa.spec.ts:498:7 › evidence — Export menu open (menu-mobile-dark) (1.0s)
  ok 357 [chromium] › e2e\issue-51-qa.spec.ts:498:7 › evidence — Export menu open (menu-desktop-dark) (1.3s)
  ok 361 [chromium] › e2e\issue-56-png-cards.spec.ts:79:11 › 1week · list · light — emits exactly 1 designed week card(s) (1.3s)
  ok 362 [chromium] › e2e\issue-56-png-cards.spec.ts:79:11 › 2week · list · light — emits exactly 2 designed week card(s) (1.5s)
  ok 363 [chromium] › e2e\issue-56-png-cards.spec.ts:79:11 › 1week · list · dark — emits exactly 1 designed week card(s) (1.0s)
  ok 364 [chromium] › e2e\issue-56-png-cards.spec.ts:79:11 › 2week · list · dark — emits exactly 2 designed week card(s) (1.3s)
  ok 360 [chromium] › e2e\issue-51-qa.spec.ts:525:5 › evidence — export a real .png / .json / .txt and commit the artifacts (2.9s)
  ok 365 [chromium] › e2e\issue-56-png-cards.spec.ts:79:11 › 1week · calendar · light — emits exactly 1 designed week card(s) (1.2s)
  ok 366 [chromium] › e2e\issue-56-png-cards.spec.ts:79:11 › 2week · calendar · light — emits exactly 2 designed week card(s) (1.7s)
  ok 368 [chromium] › e2e\issue-56-png-cards.spec.ts:79:11 › 1week · calendar · dark — emits exactly 1 designed week card(s) (1.2s)
  ok 367 [chromium] › e2e\issue-56-png-cards.spec.ts:79:11 › 3week · list · light — emits exactly 3 designed week card(s) (1.8s)
  ok 370 [chromium] › e2e\issue-56-qa.spec.ts:85:11 › 1week · list · light — emits exactly 1 designed week card(s) (1.1s)
  ok 369 [chromium] › e2e\issue-56-png-cards.spec.ts:79:11 › 2week · calendar · dark — emits exactly 2 designed week card(s) (1.8s)
  ok 371 [chromium] › e2e\issue-56-png-cards.spec.ts:79:11 › 3week · list · dark — emits exactly 3 designed week card(s) (1.8s)
  ok 372 [chromium] › e2e\issue-56-qa.spec.ts:85:11 › 1week · list · dark — emits exactly 1 designed week card(s) (976ms)
  ok 373 [chromium] › e2e\issue-56-qa.spec.ts:85:11 › 2week · list · dark — emits exactly 2 designed week card(s) (1.3s)
  ok 375 [chromium] › e2e\issue-56-qa.spec.ts:85:11 › 1week · calendar · light — emits exactly 1 designed week card(s) (1.2s)
  ok 377 [chromium] › e2e\issue-56-qa.spec.ts:85:11 › 1week · calendar · dark — emits exactly 1 designed week card(s) (1.1s)
  ok 374 [chromium] › e2e\issue-56-png-cards.spec.ts:79:11 › 3week · calendar · light — emits exactly 3 designed week card(s) (2.7s)
  ok 376 [chromium] › e2e\issue-56-qa.spec.ts:85:11 › 2week · calendar · light — emits exactly 2 designed week card(s) (1.7s)
  ok 378 [chromium] › e2e\issue-56-qa.spec.ts:85:11 › 2week · list · light — emits exactly 2 designed week card(s) (1.4s)
  ok 380 [chromium] › e2e\issue-56-qa.spec.ts:85:11 › 2week · calendar · dark — emits exactly 2 designed week card(s) (2.0s)
  ok 379 [chromium] › e2e\issue-56-png-cards.spec.ts:79:11 › 3week · calendar · dark — emits exactly 3 designed week card(s) (3.1s)
  ok 382 [chromium] › e2e\issue-56-qa.spec.ts:85:11 › 3week · list · light — emits exactly 3 designed week card(s) (1.6s)
  ok 383 [chromium] › e2e\issue-57-qa.spec.ts:96:7 › issue #57 — collapsed subject-pill height is normalized › AC1 — @1920 (3-col): the Chemistry / CS A / CS Principles row is even in height (691ms)
  ok 381 [chromium] › e2e\issue-56-qa.spec.ts:85:11 › 3week · calendar · light — emits exactly 3 designed week card(s) (2.9s)
  ok 385 [chromium] › e2e\issue-57-qa.spec.ts:142:7 › issue #57 — collapsed subject-pill height is normalized › AC1 — @1024 (2-col): CS A (1-line) + CS Principles (2-line) share a row, even height (849ms)
  ok 387 [chromium] › e2e\issue-57-qa.spec.ts:160:7 › issue #57 — collapsed subject-pill height is normalized › AC1 — @375 (1-col mobile): every collapsed pill is normalized to the reserved height (659ms)
  ok 384 [chromium] › e2e\issue-56-qa.spec.ts:85:11 › 3week · list · dark — emits exactly 3 designed week card(s) (1.9s)
  ok 389 [chromium] › e2e\issue-57-qa.spec.ts:199:7 › issue #57 — collapsed subject-pill height is normalized › AC2 — expanding the two-line chip does not stretch/resize its row neighbors, width unchanged (834ms)
  ok 388 [chromium] › e2e\issue-57-qa.spec.ts:178:7 › issue #57 — collapsed subject-pill height is normalized › AC3 — the collapsed body stays ≥44px (issue #8 AC5 touch-target floor) (1.6s)
  ok 386 [chromium] › e2e\issue-56-qa.spec.ts:85:11 › 3week · calendar · dark — emits exactly 3 designed week card(s) (3.0s)
  ok 390 [chromium] › e2e\issue-57-qa.spec.ts:269:7 › issue #57 — collapsed subject-pill height is normalized › AC4 — full name renders (no clamp/ellipsis) and aria semantics are unchanged (762ms)
  ok 391 [chromium] › e2e\issue-57-qa.spec.ts:317:7 › issue #57 — collapsed subject-pill height is normalized › AC6 — min-height is a floor: a genuinely taller name would grow, never clip (743ms)
  ok 393 [chromium] › e2e\issue-57-qa.spec.ts:357:7 › issue #57 — collapsed subject-pill height is normalized › AC5 — selecting a chip does not change its collapsed height (both states even) (868ms)
  ok 392 [chromium] › e2e\issue-56-qa.spec.ts:153:5 › other export menu items still download single files (AC10) (1.2s)
  ok 395 [chromium] › e2e\issue-57-qa.spec.ts:425:7 › issue #57 — visual evidence › expanded evidence — CS Principles expanded, row neighbors unmoved (823ms)
  ok 397 [chromium] › e2e\issue-6-exam-info-panel.spec.ts:66:7 › issue #6 — exam info panel › AC1 — each chip has a details affordance distinct from the select toggle that opens the panel without selecting (912ms)
  ok 396 [chromium] › e2e\issue-57-qa.spec.ts:439:7 › issue #57 — visual evidence › standard super-board viewports — full page (2.2s)
  ok 398 [chromium] › e2e\issue-6-exam-info-panel.spec.ts:99:7 › issue #6 — exam info panel › AC2 — panel shows per-section questions|length|weight rows (issue #44), length as h/min, calculator, delivery, and the pass rate labeled 'scored 3 or higher' (1.0s)
  ok 394 [chromium] › e2e\issue-57-qa.spec.ts:380:7 › issue #57 — visual evidence › row evidence — the three-pill row, light + dark, 3-col + 2-col + mobile (3.4s)
  ok 399 [chromium] › e2e\issue-6-exam-info-panel.spec.ts:132:7 › issue #6 — exam info panel › AC3 — a 'pending' value renders as a visible muted badge, never blank or fabricated (1.0s)
  ok 400 [chromium] › e2e\issue-6-exam-info-panel.spec.ts:153:7 › issue #6 — exam info panel › AC4 — portfolio subjects show the portfolio's weight (% of final) and deadline in the panel (849ms)
  ok 401 [chromium] › e2e\issue-6-exam-info-panel.spec.ts:170:7 › issue #6 — exam info panel › AC5 — accessible: focus moves in on open, Escape and close button dismiss, focus returns, scroll locked while open (1.1s)
  ok 402 [chromium] › e2e\issue-6-exam-info-panel.spec.ts:212:7 › issue #6 — exam info panel › AC6 — at 375px the panel is a full-width sheet with no horizontal scroll (906ms)
  ok 403 [chromium] › e2e\issue-6-exam-info-panel.spec.ts:248:7 › evidence — info panel open (desktop 1920x1080) (1.0s)
  ok 404 [chromium] › e2e\issue-6-exam-info-panel.spec.ts:248:7 › evidence — info panel open (tablet 1024x768) (971ms)
  ok 405 [chromium] › e2e\issue-6-exam-info-panel.spec.ts:248:7 › evidence — info panel open (mobile 375x667) (889ms)
  x  406 [chromium] › e2e\issue-60-bounce1-meta-row.spec.ts:69:7 › bounce1 — mobile: the support pair renders as a quiet meta row below the attribution, with no rule and the footer's own muted type (841ms)
  x  407 [chromium] › e2e\issue-60-bounce1-meta-row.spec.ts:69:7 › bounce1 — tablet: the support pair renders as a quiet meta row below the attribution, with no rule and the footer's own muted type (834ms)
  ok 408 [chromium] › e2e\issue-60-bounce1-meta-row.spec.ts:239:5 › bounce1 — desktop: the pinned sidebar row keeps its approved presentation (bordered row, text label left, icon-only mark right) (702ms)
  ok 409 [chromium] › e2e\issue-60-bounce1-meta-row.spec.ts:394:5 › bounce1 — dark mode: the meta row still resolves to the footer's own type and colour (800ms)
  ok 410 [chromium] › e2e\issue-60-bounce1-meta-row.spec.ts:282:5 › bounce1 — resizing desktop → mobile flips the placement with exactly one control of each kind still in the a11y tree (809ms)
  ok 412 [chromium] › e2e\issue-60-qa.spec.ts:108:5 › AC1 — desktop (short content): the support row is flush with the bottom of the sidebar column, at the bottom of the viewport — not under the last RESOURCES link (973ms)
  ok 411 [chromium] › e2e\issue-60-bounce1-meta-row.spec.ts:337:5 › bounce1 — mobile: the feedback dialog still opens from the quiet meta row, traps focus, closes on Escape, and restores focus (1.1s)
  ok 413 [chromium] › e2e\issue-60-qa.spec.ts:151:5 › AC2 — desktop (tall content): the sections region scrolls internally, the support row stays pinned to the bottom, and nothing shifts the page (875ms)
  ok 414 [chromium] › e2e\issue-60-qa.spec.ts:258:5 › AC2 — desktop: the column stays pinned at the layout offset through the whole scroll and never overlaps the site footer (1.0s)
  ok 416 [chromium] › e2e\issue-60-qa.spec.ts:368:7 › AC4 — mobile (375px): the sidebar card ends after RESOURCES; the pair renders inside the site footer with ≥44px touch targets (832ms)
  ok 415 [chromium] › e2e\issue-60-qa.spec.ts:316:5 › AC3 — desktop collapsed rail: the GitHub mark stays present, centered and reachable; the 'Send us Feedback' label stays hidden (1.1s)
  ok 417 [chromium] › e2e\issue-60-qa.spec.ts:368:7 › AC4 — tablet (768px): the sidebar card ends after RESOURCES; the pair renders inside the site footer with ≥44px touch targets (1.0s)
  ok 419 [chromium] › e2e\issue-60-qa.spec.ts:504:7 › AC6 — mobile: the feedback dialog opens from its new location, traps focus, closes on Escape, and restores focus to the trigger (979ms)
[WebServer] [browser] A tree hydrated but some attributes of the server rendered HTML didn't match the client properties. This won't be patched up. This can happen if a SSR-ed Client Component used:
[WebServer] 
[WebServer] - A server/client branch `if (typeof window !== 'undefined')`.
[WebServer] - Variable input such as `Date.now()` or `Math.random()` which changes each time it's called.
[WebServer] - Date formatting in a user's locale which doesn't match the server.
[WebServer] - External changing data without sending a snapshot of it along with the HTML.
[WebServer] - Invalid HTML tag nesting.
[WebServer] 
[WebServer] It can also happen if the client has a browser extension installed which messes with the HTML before React loaded.
[WebServer] 
[WebServer] https://react.dev/link/hydration-mismatch
[WebServer] 
[WebServer]   ...
[WebServer]     <LoadingBoundary name="/" loading={null}>
[WebServer]       <HTTPAccessFallbackBoundary notFound={{...}} forbidden={undefined} unauthorized={undefined}>
[WebServer]         <HTTPAccessFallbackErrorBoundary pathname="/" notFound={{...}} forbidden={undefined} unauthorized={undefined} ...>
[WebServer]           <RedirectBoundary>
[WebServer]             <RedirectErrorBoundary router={{...}}>
[WebServer]               <InnerLayoutRouter url="/" tree={[...]} params={{}} cacheNode={{rsc:{...}, ...}} segmentPath={[...]} ...>
[WebServer]                 <SegmentViewNode type="page" pagePath="page.tsx">
[WebServer]                   <SegmentTrieNode>
[WebServer]                   <Home>
[WebServer]                     <div data-scroll-lock-anchor={true} className="mx-auto fl...">
[WebServer]                       <Sidebar>
[WebServer]                       <main className="flex min-w..." aria-label="Exam planner">
[WebServer]                         <CatalogGrid>
[WebServer]                           <section aria-label="Subject ca..." className="flex flex-...">
[WebServer]                             <div className="flex flex-...">
[WebServer]                               <div className="flex flex-...">
[WebServer]                                 <label>
[WebServer]                                 <input
[WebServer]                                   id="subject-search"
[WebServer]                                   type="search"
[WebServer]                                   value=""
[WebServer]                                   onChange={function onChange}
[WebServer]                                   placeholder="e.g. bio"
[WebServer]                                   autoComplete="off"
[WebServer]                                   className="min-h-11 w-full rounded-lg border border-slate-300 bg-white px-3 py-2 tex..."
[WebServer] -                                 style={{caret-color:"transparent"}}
[WebServer]                                 >
[WebServer]                               ...
[WebServer]                             ...
[WebServer]                         ...
[WebServer]                 ...
[WebServer]               ...
[WebServer]  
  ok 420 [chromium] › e2e\issue-60-qa.spec.ts:504:7 › AC6 — desktop: the feedback dialog opens from its new location, traps focus, closes on Escape, and restores focus to the trigger (1.2s)
  ok 418 [chromium] › e2e\issue-60-qa.spec.ts:454:5 › AC5 — exactly ONE 'Send us Feedback' button and ONE GitHub link are exposed to assistive tech at every viewport (2.7s)
  ok 421 [chromium] › e2e\issue-60-qa.spec.ts:561:5 › AC8 — evidence: standard super-board viewports (1.8s)
  ok 422 [chromium] › e2e\issue-62-qa.spec.ts:82:5 › AC1 — renaming Schedule 2 to the existing 'Schedule 1' is rejected inline; no duplicate radio; fixing the name commits (1.2s)
  ok 424 [chromium] › e2e\issue-62-qa.spec.ts:154:5 › AC3 — always-present aria-describedby hint; a rejected commit sets aria-invalid + role=alert wired via aria-describedby (1.3s)
  ok 423 [chromium] › e2e\issue-62-qa.spec.ts:123:5 › AC2 — the rename input caps length at 60 characters (1.7s)
  ok 425 [chromium] › e2e\issue-62-qa.spec.ts:190:5 › AC5 — blank rename rejected (no-op), trim applied on a valid rename, last-remaining delete disabled (1.1s)
  ok 427 [chromium] › e2e\issue-62-qa.spec.ts:235:7 › evidence — duplicate-name rejection alert at tablet 1024x768 (1.3s)
  ok 426 [chromium] › e2e\issue-62-qa.spec.ts:235:7 › evidence — duplicate-name rejection alert at desktop 1920x1080 (1.5s)
  ok 428 [chromium] › e2e\issue-62-qa.spec.ts:235:7 › evidence — duplicate-name rejection alert at mobile 375x667 (1.3s)
  ok 429 [chromium] › e2e\issue-7-export-ics.spec.ts:71:7 › issue #7 — export to calendar › AC1 — the Export button lives in the My Schedule header and is disabled until ≥1 subject is selected (1.2s)
  ok 430 [chromium] › e2e\issue-7-export-ics.spec.ts:105:7 › issue #7 — export to calendar › AC1 — clicking downloads ap-exams-2027.ics generated client-side (blob, zero network) with the selected exam + portfolio events (1.3s)
  ok 431 [chromium] › e2e\issue-7-export-ics.spec.ts:198:7 › evidence — enabled Export button over a populated schedule (desktop 1920x1080) (1.2s)
  ok 432 [chromium] › e2e\issue-7-export-ics.spec.ts:198:7 › evidence — enabled Export button over a populated schedule (tablet 1024x768) (1.1s)
  ok 434 [chromium] › e2e\issue-71-exam-note.spec.ts:59:7 › issue #71 AC6 — published exam qualifier on the schedule surfaces › List view prints the verbatim qualifier on the exam row (978ms)
  ok 433 [chromium] › e2e\issue-7-export-ics.spec.ts:198:7 › evidence — enabled Export button over a populated schedule (mobile 375x667) (1.2s)
  ok 435 [chromium] › e2e\issue-71-exam-note.spec.ts:79:7 › issue #71 AC6 — published exam qualifier on the schedule surfaces › List view leaves an unqualified exam row alone (no empty note element) (804ms)
  ok 437 [chromium] › e2e\issue-71-exam-note.spec.ts:120:7 › issue #71 AC6 — published exam qualifier on the schedule surfaces › Activating the calendar block opens the details dialog with the verbatim qualifier (864ms)
  ok 436 [chromium] › e2e\issue-71-exam-note.spec.ts:92:7 › issue #71 AC6 — published exam qualifier on the schedule surfaces › Calendar block carries the marker on its face and the verbatim text in its accessible name (1.1s)
  ok 438 [chromium] › e2e\issue-71-exam-note.spec.ts:134:7 › issue #71 AC6 — published exam qualifier on the schedule surfaces › .ics DESCRIPTION and .txt line both carry the verbatim qualifier (1.2s)
  x  439 [chromium] › e2e\issue-71-exam-note.spec.ts:176:9 › issue #71 AC6 — published exam qualifier on the schedule surfaces › evidence — List and Calendar qualifier at desktop 1920x1080 with no horizontal overflow (1.0s)
  x  440 [chromium] › e2e\issue-71-exam-note.spec.ts:176:9 › issue #71 AC6 — published exam qualifier on the schedule surfaces › evidence — List and Calendar qualifier at tablet 1024x768 with no horizontal overflow (1.0s)
  x  441 [chromium] › e2e\issue-71-exam-note.spec.ts:176:9 › issue #71 AC6 — published exam qualifier on the schedule surfaces › evidence — List and Calendar qualifier at mobile 375x667 with no horizontal overflow (866ms)
  ok 442 [chromium] › e2e\issue-71-qa-v2.spec.ts:179:9 › issue #71 QA v2 — the rebuild's block face, in the states it changed › QA-V2-1 — the qualifier row paints in full in the unresolved-conflict state at desktop 1920x1080 (1.3s)
  ok 443 [chromium] › e2e\issue-71-qa-v2.spec.ts:179:9 › issue #71 QA v2 — the rebuild's block face, in the states it changed › QA-V2-1 — the qualifier row paints in full in the unresolved-conflict state at tablet 1024x768 (1.2s)
  ok 444 [chromium] › e2e\issue-71-qa-v2.spec.ts:179:9 › issue #71 QA v2 — the rebuild's block face, in the states it changed › QA-V2-1 — the qualifier row paints in full in the unresolved-conflict state at mobile 375x667 (1.0s)
  ok 446 [chromium] › e2e\issue-71-qa-v2.spec.ts:225:9 › issue #71 QA v2 — the rebuild's block face, in the states it changed › QA-V2-2 — the qualifier row is never the last row of the face at desktop 1920x1080 (944ms)
  ok 445 [chromium] › e2e\issue-71-qa-v2.spec.ts:225:9 › issue #71 QA v2 — the rebuild's block face, in the states it changed › QA-V2-2 — the qualifier row is never the last row of the face at tablet 1024x768 (948ms)
  ok 447 [chromium] › e2e\issue-71-qa-v2.spec.ts:225:9 › issue #71 QA v2 — the rebuild's block face, in the states it changed › QA-V2-2 — the qualifier row is never the last row of the face at mobile 375x667 (698ms)
  ok 448 [chromium] › e2e\issue-71-qa-v2.spec.ts:266:7 › issue #71 QA v2 — the rebuild's block face, in the states it changed › QA-V2-3 — an approximate block keeps three carriers of the pending-length signal without the clock suffix (974ms)
  ok 451 [chromium] › e2e\issue-71-qa.spec.ts:187:7 › issue #71 QA — published qualifier on every schedule surface › fixture guard — the dataset still supplies a qualified exam and a same-slot partner (5ms)
  ok 449 [chromium] › e2e\issue-71-qa-v2.spec.ts:328:7 › issue #71 QA v2 — the rebuild's block face, in the states it changed › QA-V2-4 — the exported calendar PNG orders the qualifier above the secondary markers, like the site (1.5s)
  ok 450 [chromium] › e2e\issue-71-qa-v2.spec.ts:393:7 › issue #71 QA v2 — the rebuild's block face, in the states it changed › QA-V2-5 — survey: subject-name clamping vs unused face height (1.9s)
  ok 452 [chromium] › e2e\issue-71-qa.spec.ts:199:7 › issue #71 QA — published qualifier on every schedule surface › AC6-QA1 — the rasterized list-view .png prints the verbatim qualifier (not just the card model) (1.2s)
  ok 453 [chromium] › e2e\issue-71-qa.spec.ts:231:7 › issue #71 QA — published qualifier on every schedule surface › AC6-QA2 — the rasterized calendar-view .png prints the qualifier in a notes strip (1.4s)
  ok 455 [chromium] › e2e\issue-71-qa.spec.ts:318:7 › issue #71 QA — published qualifier on every schedule surface › AC6-QA4 — the qualifier is disclosed in dark theme too (1.1s)
  ok 454 [chromium] › e2e\issue-71-qa.spec.ts:259:7 › issue #71 QA — published qualifier on every schedule surface › AC6-QA3 — the qualifier follows the exam when conflict resolution moves it to late testing (1.6s)
[WebServer] [browser] A tree hydrated but some attributes of the server rendered HTML didn't match the client properties. This won't be patched up. This can happen if a SSR-ed Client Component used:
[WebServer] 
[WebServer] - A server/client branch `if (typeof window !== 'undefined')`.
[WebServer] - Variable input such as `Date.now()` or `Math.random()` which changes each time it's called.
[WebServer] - Date formatting in a user's locale which doesn't match the server.
[WebServer] - External changing data without sending a snapshot of it along with the HTML.
[WebServer] - Invalid HTML tag nesting.
[WebServer] 
[WebServer] It can also happen if the client has a browser extension installed which messes with the HTML before React loaded.
[WebServer] 
[WebServer] https://react.dev/link/hydration-mismatch
[WebServer] 
[WebServer]   ...
[WebServer]     <LoadingBoundary name="/" loading={null}>
[WebServer]       <HTTPAccessFallbackBoundary notFound={{...}} forbidden={undefined} unauthorized={undefined}>
[WebServer]         <HTTPAccessFallbackErrorBoundary pathname="/" notFound={{...}} forbidden={undefined} unauthorized={undefined} ...>
[WebServer]           <RedirectBoundary>
[WebServer]             <RedirectErrorBoundary router={{...}}>
[WebServer]               <InnerLayoutRouter url="/" tree={[...]} params={{}} cacheNode={{rsc:{...}, ...}} segmentPath={[...]} ...>
[WebServer]                 <SegmentViewNode type="page" pagePath="page.tsx">
[WebServer]                   <SegmentTrieNode>
[WebServer]                   <Home>
[WebServer]                     <div data-scroll-lock-anchor={true} className="mx-auto fl...">
[WebServer]                       <Sidebar>
[WebServer]                       <main className="flex min-w..." aria-label="Exam planner">
[WebServer]                         <CatalogGrid>
[WebServer]                           <section aria-label="Subject ca..." className="flex flex-...">
[WebServer]                             <div className="flex flex-...">
[WebServer]                               <div className="flex flex-...">
[WebServer]                                 <label>
[WebServer]                                 <input
[WebServer]                                   id="subject-search"
[WebServer]                                   type="search"
[WebServer]                                   value=""
[WebServer]                                   onChange={function onChange}
[WebServer]                                   placeholder="e.g. bio"
[WebServer]                                   autoComplete="off"
[WebServer]                                   className="min-h-11 w-full rounded-lg border border-slate-300 bg-white px-3 py-2 tex..."
[WebServer] -                                 style={{caret-color:"transparent"}}
[WebServer]                                 >
[WebServer]                               ...
[WebServer]                             ...
[WebServer]                         ...
[WebServer]                 ...
[WebServer]               ...
[WebServer]  
  ok 457 [chromium] › e2e\issue-71-qa.spec.ts:367:7 › issue #71 QA — published qualifier on every schedule surface › AC6-QA6 — #37's two catalog surfaces still disclose it (this issue adds surfaces, it must not move any) (711ms)
  ok 458 [chromium] › e2e\issue-71-qa.spec.ts:418:11 › issue #71 QA — published qualifier on every schedule surface › AC6-QA7 — the block-face marker actually renders at desktop 1920x1080 (1.1s)
  ok 459 [chromium] › e2e\issue-71-qa.spec.ts:418:11 › issue #71 QA — published qualifier on every schedule surface › AC6-QA7 — the block-face marker actually renders at desktop 1920x1080 (moved to late testing) (1.1s)
  ok 460 [chromium] › e2e\issue-71-qa.spec.ts:418:11 › issue #71 QA — published qualifier on every schedule surface › AC6-QA7 — the block-face marker actually renders at tablet 1024x768 (1.1s)
  ok 461 [chromium] › e2e\issue-71-qa.spec.ts:418:11 › issue #71 QA — published qualifier on every schedule surface › AC6-QA7 — the block-face marker actually renders at tablet 1024x768 (moved to late testing) (1.1s)
  ok 456 [chromium] › e2e\issue-71-qa.spec.ts:339:7 › issue #71 QA — published qualifier on every schedule surface › AC6-QA5 — no new serious/critical axe violation with the qualifier on screen (3.8s)
  ok 462 [chromium] › e2e\issue-71-qa.spec.ts:418:11 › issue #71 QA — published qualifier on every schedule surface › AC6-QA7 — the block-face marker actually renders at mobile 375x667 (1.0s)
  ok 463 [chromium] › e2e\issue-71-qa.spec.ts:418:11 › issue #71 QA — published qualifier on every schedule surface › AC6-QA7 — the block-face marker actually renders at mobile 375x667 (moved to late testing) (1.1s)
  x  464 [chromium] › e2e\issue-71-qa.spec.ts:471:9 › issue #71 QA — published qualifier on every schedule surface › evidence — qualifier on List + Calendar at desktop 1920x1080 (982ms)
  x  465 [chromium] › e2e\issue-71-qa.spec.ts:471:9 › issue #71 QA — published qualifier on every schedule surface › evidence — qualifier on List + Calendar at tablet 1024x768 (1.1s)
  x  466 [chromium] › e2e\issue-71-qa.spec.ts:471:9 › issue #71 QA — published qualifier on every schedule surface › evidence — qualifier on List + Calendar at mobile 375x667 (887ms)
  ok 467 [chromium] › e2e\issue-73-column-budget.spec.ts:115:7 › issue #73 second bounce — the sections table budgets its columns › AC1 — the longest section note produces the same four column widths as a subject with no note: the budget is declared, not negotiated with the content (2.1s)
  ok 469 [chromium] › e2e\issue-73-column-budget.spec.ts:187:7 › issue #73 second bounce — the sections table budgets its columns › AC2 + AC5 — the two contents that can exceed their budget wrap inside it: a long note in the Section column and a printed weight in the Weight column (1.6s)
  ok 471 [chromium] › e2e\issue-73-column-budget.spec.ts:271:7 › issue #73 second bounce — the sections table budgets its columns › AC3 — a published duration breaks only between its units, so a narrow Length column never shows a half-read number (939ms)
  ok 472 [chromium] › e2e\issue-73-column-budget.spec.ts:300:7 › issue #73 second bounce — the sections table budgets its columns › AC6 — the budget did not flatten the honest-degradation states: the pending pill, the not-published dash and a verbatim range stay three distinct things (1.1s)
  ok 473 [chromium] › e2e\issue-73-column-budget.spec.ts:342:7 › issue #73 second bounce — the sections table budgets its columns › AC7 — evidence at the extremes: the longest note and the longest printed weight, light and dark (9.2s)
  ok 474 [chromium] › e2e\issue-73-one-presentation.spec.ts:75:7 › issue #73 bounce — one presentation for every exam › the dataset itself still matches the bounce's scope: 18 partless subjects including the 3-section AP Music Theory, and 5 portfolio-only subjects with no sections (3ms)
  ok 468 [chromium] › e2e\issue-73-column-budget.spec.ts:156:7 › issue #73 second bounce — the sections table budgets its columns › AC1 + AC4 — every subject with sections gets the identical budget at a given width, so no dataset edit can re-open the defect in one card (16.1s)
  ok 476 [chromium] › e2e\issue-73-one-presentation.spec.ts:124:7 › issue #73 bounce — one presentation for every exam › the 5 portfolio-only subjects still render NO table — 'every exam gets the table' must not become 'every subject gets one' (1.7s)
  ok 477 [chromium] › e2e\issue-73-one-presentation.spec.ts:141:7 › issue #73 bounce — one presentation for every exam › the two subjects Jon named by hand present identically to AP Calculus BC: same caption, same four column headers, same scoped row headers (1.6s)
  ok 475 [chromium] › e2e\issue-73-one-presentation.spec.ts:86:7 › issue #73 bounce — one presentation for every exam › EVERY subject with at least one section renders the sections table — no exam renders the prose-block presentation (7.4s)
  ok 478 [chromium] › e2e\issue-73-one-presentation.spec.ts:178:7 › issue #73 bounce — one presentation for every exam › honest degradation survives the port per cell: a published range renders verbatim, 'pending' shows the badge, and an omitted value shows the not-published dash — three distinct states, none collapsed (1.0s)
  ok 479 [chromium] › e2e\issue-73-qa-v2.spec.ts:150:7 › issue #73 bounce (QA v2) — one presentation, honestly degraded › bounce AC1 — every subject on Jon's bounce list renders the table, and the PR #48 prose block survives in no form: no dl row carries a section name, no stat phrase, no zone divider (4.2s)
  ok 481 [chromium] › e2e\issue-73-qa-v2.spec.ts:238:7 › issue #73 bounce (QA v2) — one presentation, honestly degraded › bounce AC3 — omission and pending stay two states in AT output, not one blank: AAS Individual Student Project reads 'none published' for questions and a pending badge for length (924ms)
  ok 482 [chromium] › e2e\issue-73-qa-v2.spec.ts:272:7 › issue #73 bounce (QA v2) — one presentation, honestly degraded › bounce AC4 — the a11y contract the dt/dd pairing used to give the newly-tabled subjects: same caption, four column headers, a scoped row header on every row, and the sr-only section prefix still scoping part rows (1.7s)
  ok 483 [chromium] › e2e\issue-73-qa-v2.spec.ts:334:7 › issue #73 bounce (QA v2) — one presentation, honestly degraded › bounce AC5 — the longest College Board section names wrap instead of clipping at 320px, and neither the dialog nor the page scrolls sideways (1.6s)
  ok 480 [chromium] › e2e\issue-73-qa-v2.spec.ts:201:7 › issue #73 bounce (QA v2) — one presentation, honestly degraded › bounce AC3 — never a blank cell: every value cell of every section and part row, across every sit-down subject, renders something (9.3s)
  ok 484 [chromium] › e2e\issue-73-qa-v2.spec.ts:441:7 › issue #73 bounce (QA v2) — one presentation, honestly degraded › bounce AC4 — axe: no serious/critical violations with a newly-tabled dialog open (AP Human Geography, light) (2.5s)
  ok 486 [chromium] › e2e\issue-73-qa-v2.spec.ts:470:7 › issue #73 bounce (QA v2) — one presentation, honestly degraded › the third surface agrees: a newly-tabled exam's calendar event popup renders the same table, not the prose block (824ms)
  ok 485 [chromium] › e2e\issue-73-qa-v2.spec.ts:455:7 › issue #73 bounce (QA v2) — one presentation, honestly degraded › bounce AC4 — axe: no serious/critical violations with the 3-section AP Music Theory dialog open (dark) (2.5s)
  ok 487 [chromium] › e2e\issue-73-qa-v2.spec.ts:499:13 › issue #73 bounce (QA v2) — one presentation, honestly degraded › visual evidence — the bounce's four named subjects, light and dark › evidence — human-geography exam details (light) (1.2s)
  ok 488 [chromium] › e2e\issue-73-qa-v2.spec.ts:499:13 › issue #73 bounce (QA v2) — one presentation, honestly degraded › visual evidence — the bounce's four named subjects, light and dark › evidence — english-language exam details (light) (1.1s)
  ok 470 [chromium] › e2e\issue-73-column-budget.spec.ts:246:7 › issue #73 second bounce — the sections table budgets its columns › AC3 — nothing is crunched: no cell in any subject's table overflows its budgeted column, from the narrowest supported width up (32.1s)
  ok 491 [chromium] › e2e\issue-73-qa-v2.spec.ts:499:13 › issue #73 bounce (QA v2) — one presentation, honestly degraded › visual evidence — the bounce's four named subjects, light and dark › evidence — human-geography exam details (dark) (1.2s)
  ok 489 [chromium] › e2e\issue-73-qa-v2.spec.ts:499:13 › issue #73 bounce (QA v2) — one presentation, honestly degraded › visual evidence — the bounce's four named subjects, light and dark › evidence — music-theory exam details (light) (1.3s)
  ok 490 [chromium] › e2e\issue-73-qa-v2.spec.ts:499:13 › issue #73 bounce (QA v2) — one presentation, honestly degraded › visual evidence — the bounce's four named subjects, light and dark › evidence — calculus-bc exam details (light) (1.3s)
  ok 493 [chromium] › e2e\issue-73-qa-v2.spec.ts:499:13 › issue #73 bounce (QA v2) — one presentation, honestly degraded › visual evidence — the bounce's four named subjects, light and dark › evidence — music-theory exam details (dark) (1.3s)
  ok 492 [chromium] › e2e\issue-73-qa-v2.spec.ts:499:13 › issue #73 bounce (QA v2) — one presentation, honestly degraded › visual evidence — the bounce's four named subjects, light and dark › evidence — english-language exam details (dark) (1.3s)
  ok 494 [chromium] › e2e\issue-73-qa-v2.spec.ts:499:13 › issue #73 bounce (QA v2) — one presentation, honestly degraded › visual evidence — the bounce's four named subjects, light and dark › evidence — calculus-bc exam details (dark) (1.3s)
  ok 497 [chromium] › e2e\issue-73-qa-v2.spec.ts:517:11 › issue #73 bounce (QA v2) — one presentation, honestly degraded › visual evidence — the bounce's four named subjects, light and dark › evidence — AP Human Geography at mobile 375x667 (1.1s)
  ok 496 [chromium] › e2e\issue-73-qa-v2.spec.ts:517:11 › issue #73 bounce (QA v2) — one presentation, honestly degraded › visual evidence — the bounce's four named subjects, light and dark › evidence — AP Human Geography at tablet 1024x768 (1.1s)
  ok 495 [chromium] › e2e\issue-73-qa-v2.spec.ts:517:11 › issue #73 bounce (QA v2) — one presentation, honestly degraded › visual evidence — the bounce's four named subjects, light and dark › evidence — AP Human Geography at desktop 1920x1080 (1.3s)
  ok 498 [chromium] › e2e\issue-73-qa-v2.spec.ts:517:11 › issue #73 bounce (QA v2) — one presentation, honestly degraded › visual evidence — the bounce's four named subjects, light and dark › evidence — AP Human Geography at narrow 320x640 (1.1s)
  ok 499 [chromium] › e2e\issue-73-qa-v4.spec.ts:205:7 › issue #73 second bounce — QA v4: the column budget holds › AC1 — the table declares its widths in CSS and the declaration is honored: fixed layout, four budgeted columns, and not the equal-quarters fallback (1.2s)
  ok 500 [chromium] › e2e\issue-73-qa-v4.spec.ts:245:7 › issue #73 second bounce — QA v4: the column budget holds › AC1 + AC2 — content cannot buy width: growing the rendered note by several hundred characters moves no column, and the note wraps inside its budget (2.1s)
  ok 501 [chromium] › e2e\issue-73-qa-v4.spec.ts:311:7 › issue #73 second bounce — QA v4: the column budget holds › AC5 — same rule in the Weight column: a printed weight grown past its budget wraps inside it and moves nothing (1.5s)
  ok 503 [chromium] › e2e\issue-73-qa-v4.spec.ts:397:7 › issue #73 second bounce — QA v4: the column budget holds › AC3 + AC4 — the reported crunch is gone on the subject Jon named, and the same budget applies to a subject with no note at all (1.4s)
  ok 504 [chromium] › e2e\issue-73-qa-v4.spec.ts:431:7 › issue #73 second bounce — QA v4: the column budget holds › AC6 — no cell is blank, and pending / verbatim / not-published stay three distinguishable states under the budget (7.7s)
  ok 505 [chromium] › e2e\issue-73-qa-v4.spec.ts:512:7 › issue #73 second bounce — QA v4: the column budget holds › AC1 + AC3 — the seam the budget introduces holds: the widths step from percentages to fixed units at a viewport the table width does not follow (7.4s)
  ok 506 [chromium] › e2e\issue-73-qa-v4.spec.ts:553:7 › issue #73 second bounce — QA v4: the column budget holds › AC1 — the dataset's longest section name survives the narrowest Section column, which is where the remainder is smallest (911ms)
  ok 507 [chromium] › e2e\issue-73-qa-v4.spec.ts:575:7 › issue #73 second bounce — QA v4: the column budget holds › the port to a budgeted table did not cost accessibility: scoped row headers, one section prefix per part row, and no serious axe violation (3.2s)
  ok 509 [chromium] › e2e\issue-73-qa.spec.ts:97:7 › issue #73 — printed section titles + per-part weights › AC2 — exam-denominated part weights render as N% on AP Calculus BC; the hardcoded dash is gone (925ms)
  ok 510 [chromium] › e2e\issue-73-qa.spec.ts:127:7 › issue #73 — printed section titles + per-part weights › AC2 — a section-denominated weight renders VERBATIM and never as a bare exam percent (AP Macroeconomics) (933ms)
  ok 511 [chromium] › e2e\issue-73-qa.spec.ts:152:7 › issue #73 — printed section titles + per-part weights › AC10 — AP Seminar's nested weights render verbatim; the multiplied-out 13.5% / 31.5% are gone (955ms)
  ok 502 [chromium] › e2e\issue-73-qa-v4.spec.ts:366:7 › issue #73 second bounce — QA v4: the column budget holds › AC3 — the numbers are never crowded: every adjacent pair of rendered values keeps the declared gutter, in every row of every subject that has a table (16.3s)
  ok 512 [chromium] › e2e\issue-73-qa.spec.ts:177:7 › issue #73 — printed section titles + per-part weights › D3 — AP Japanese and AP Chinese model Questions 3 and 4 identically: two 7.5% rows, no summed 15% (1.2s)
  ok 513 [chromium] › e2e\issue-73-qa.spec.ts:200:7 › issue #73 — printed section titles + per-part weights › AC8 — AP Art History reaches structural parity with Calculus BC but keeps six honest dashes: its Section II 50% is never divided by six (916ms)
  ok 515 [chromium] › e2e\issue-73-qa.spec.ts:253:7 › issue #73 — printed section titles + per-part weights › AC15 — every populated part weight traces to a printed value in the committed capture (no invented weights) (11ms)
  ok 514 [chromium] › e2e\issue-73-qa.spec.ts:226:7 › issue #73 — printed section titles + per-part weights › AC5 — no subject uses a bare 'Multiple Choice' / 'Free Response' title or the Arabic 'Section 1:' form (1.2s)
  ok 516 [chromium] › e2e\issue-73-qa.spec.ts:299:7 › issue #73 — printed section titles + per-part weights › AC3 — the .ics DESCRIPTION carries part weights in the same third slot the section row uses (1.3s)
  ok 517 [chromium] › e2e\issue-73-qa.spec.ts:336:13 › issue #73 — printed section titles + per-part weights › visual evidence — the four weight states, light and dark › evidence — calculus-bc exam details (light) (1.1s)
  ok 518 [chromium] › e2e\issue-73-qa.spec.ts:336:13 › issue #73 — printed section titles + per-part weights › visual evidence — the four weight states, light and dark › evidence — macroeconomics exam details (light) (974ms)
  ok 520 [chromium] › e2e\issue-73-qa.spec.ts:336:13 › issue #73 — printed section titles + per-part weights › visual evidence — the four weight states, light and dark › evidence — japanese exam details (light) (1.2s)
  ok 519 [chromium] › e2e\issue-73-qa.spec.ts:336:13 › issue #73 — printed section titles + per-part weights › visual evidence — the four weight states, light and dark › evidence — seminar exam details (light) (1.4s)
  ok 522 [chromium] › e2e\issue-73-qa.spec.ts:336:13 › issue #73 — printed section titles + per-part weights › visual evidence — the four weight states, light and dark › evidence — calculus-bc exam details (dark) (1.2s)
  ok 521 [chromium] › e2e\issue-73-qa.spec.ts:336:13 › issue #73 — printed section titles + per-part weights › visual evidence — the four weight states, light and dark › evidence — art-history exam details (light) (1.3s)
  ok 508 [chromium] › e2e\issue-73-qa-v4.spec.ts:629:7 › issue #73 second bounce — QA v4: the column budget holds › AC7 — evidence at the extremes: the longest note and the longest printed weight, light and dark, plus the narrowest supported width (12.7s)
  ok 523 [chromium] › e2e\issue-73-qa.spec.ts:336:13 › issue #73 — printed section titles + per-part weights › visual evidence — the four weight states, light and dark › evidence — macroeconomics exam details (dark) (1.2s)
  ok 524 [chromium] › e2e\issue-73-qa.spec.ts:336:13 › issue #73 — printed section titles + per-part weights › visual evidence — the four weight states, light and dark › evidence — seminar exam details (dark) (1.2s)
  ok 525 [chromium] › e2e\issue-73-qa.spec.ts:336:13 › issue #73 — printed section titles + per-part weights › visual evidence — the four weight states, light and dark › evidence — japanese exam details (dark) (1.2s)
  ok 526 [chromium] › e2e\issue-73-qa.spec.ts:336:13 › issue #73 — printed section titles + per-part weights › visual evidence — the four weight states, light and dark › evidence — art-history exam details (dark) (1.1s)
  ok 527 [chromium] › e2e\issue-73-qa.spec.ts:353:11 › issue #73 — printed section titles + per-part weights › visual evidence — the four weight states, light and dark › evidence — AP Calculus BC part weights at desktop 1920x1080 (1.1s)
  ok 528 [chromium] › e2e\issue-73-qa.spec.ts:353:11 › issue #73 — printed section titles + per-part weights › visual evidence — the four weight states, light and dark › evidence — AP Calculus BC part weights at tablet 1024x768 (995ms)
  ok 530 [chromium] › e2e\issue-74-face-budget.spec.ts:206:7 › issue #74 — the block face budgets its height › BUDGET-1 — the face's rendered geometry matches the constants the budget reserves (966ms)
  ok 529 [chromium] › e2e\issue-73-qa.spec.ts:353:11 › issue #73 — printed section titles + per-part weights › visual evidence — the four weight states, light and dark › evidence — AP Calculus BC part weights at mobile 375x667 (1.0s)
  ok 531 [chromium] › e2e\issue-74-face-budget.spec.ts:278:9 › issue #74 — the block face budgets its height › BUDGET-2 — the longest subject name is ellipsised only when the face has no spare height at desktop 1920x1080 (978ms)
  ok 532 [chromium] › e2e\issue-74-face-budget.spec.ts:278:9 › issue #74 — the block face budgets its height › BUDGET-2 — the longest subject name is ellipsised only when the face has no spare height at tablet 1024x768 (1.0s)
  ok 533 [chromium] › e2e\issue-74-face-budget.spec.ts:278:9 › issue #74 — the block face budgets its height › BUDGET-2 — the longest subject name is ellipsised only when the face has no spare height at mobile 375x667 (1.0s)
  ok 534 [chromium] › e2e\issue-74-face-budget.spec.ts:332:11 › issue #74 — the block face budgets its height › BUDGET-3 — every reserved row still paints in full, regular state at desktop 1920x1080 (1.1s)
  ok 536 [chromium] › e2e\issue-74-face-budget.spec.ts:332:11 › issue #74 — the block face budgets its height › BUDGET-3 — every reserved row still paints in full, regular state at mobile 375x667 (1.1s)
  ok 535 [chromium] › e2e\issue-74-face-budget.spec.ts:332:11 › issue #74 — the block face budgets its height › BUDGET-3 — every reserved row still paints in full, regular state at tablet 1024x768 (1.2s)
  ok 537 [chromium] › e2e\issue-74-face-budget.spec.ts:332:11 › issue #74 — the block face budgets its height › BUDGET-3 — every reserved row still paints in full, conflict state at desktop 1920x1080 (1.0s)
  ok 539 [chromium] › e2e\issue-74-face-budget.spec.ts:332:11 › issue #74 — the block face budgets its height › BUDGET-3 — every reserved row still paints in full, conflict state at mobile 375x667 (1.1s)
  ok 538 [chromium] › e2e\issue-74-face-budget.spec.ts:332:11 › issue #74 — the block face budgets its height › BUDGET-3 — every reserved row still paints in full, conflict state at tablet 1024x768 (1.2s)
  ok 540 [chromium] › e2e\issue-74-face-budget.spec.ts:332:11 › issue #74 — the block face budgets its height › BUDGET-3 — every reserved row still paints in full, late state at desktop 1920x1080 (1.1s)
  ok 542 [chromium] › e2e\issue-74-face-budget.spec.ts:332:11 › issue #74 — the block face budgets its height › BUDGET-3 — every reserved row still paints in full, late state at mobile 375x667 (1.2s)
  ok 541 [chromium] › e2e\issue-74-face-budget.spec.ts:332:11 › issue #74 — the block face budgets its height › BUDGET-3 — every reserved row still paints in full, late state at tablet 1024x768 (1.3s)
  ok 543 [chromium] › e2e\issue-74-face-budget.spec.ts:406:7 › issue #74 — the block face budgets its height › BUDGET-4 — the budget ellipsises fewer names than the pre-#74 two-line cap (1.9s)
  ok 544 [chromium] › e2e\issue-74-face-budget.spec.ts:502:7 › issue #74 — the block face budgets its height › BUDGET-5 — the exported calendar PNG still rasterizes with the budgeted face (1.6s)
  ok 545 [chromium] › e2e\issue-74-qa.spec.ts:259:7 › issue #74 QA — the block face's height budget › QA74-1 — the name's line allowance scales with the block's height, and the rows below it are reserved (1.9s)
  ok 546 [chromium] › e2e\issue-74-qa.spec.ts:331:9 › issue #74 QA — the block face's height budget › QA74-2 — no subject name is ellipsised while a whole line of its face is unspent at desktop 1920x1080 (2.8s)
  ok 547 [chromium] › e2e\issue-74-qa.spec.ts:331:9 › issue #74 QA — the block face's height budget › QA74-2 — no subject name is ellipsised while a whole line of its face is unspent at tablet 1024x768 (2.5s)
  ok 548 [chromium] › e2e\issue-74-qa.spec.ts:331:9 › issue #74 QA — the block face's height budget › QA74-2 — no subject name is ellipsised while a whole line of its face is unspent at mobile 375x667 (3.0s)
  ok 549 [chromium] › e2e\issue-74-qa.spec.ts:423:11 › issue #74 QA — the block face's height budget › QA74-3 — reserved rows paint in full and stay top-packed, regular state at tablet 1024x768 (1.5s)
  ok 550 [chromium] › e2e\issue-74-qa.spec.ts:423:11 › issue #74 QA — the block face's height budget › QA74-3 — reserved rows paint in full and stay top-packed, regular state at desktop 1920x1080 (1.5s)
  ok 551 [chromium] › e2e\issue-74-qa.spec.ts:423:11 › issue #74 QA — the block face's height budget › QA74-3 — reserved rows paint in full and stay top-packed, regular state at mobile 375x667 (1.2s)
  ok 552 [chromium] › e2e\issue-74-qa.spec.ts:423:11 › issue #74 QA — the block face's height budget › QA74-3 — reserved rows paint in full and stay top-packed, conflict state at desktop 1920x1080 (1.4s)
  ok 553 [chromium] › e2e\issue-74-qa.spec.ts:423:11 › issue #74 QA — the block face's height budget › QA74-3 — reserved rows paint in full and stay top-packed, conflict state at tablet 1024x768 (1.4s)
  ok 554 [chromium] › e2e\issue-74-qa.spec.ts:423:11 › issue #74 QA — the block face's height budget › QA74-3 — reserved rows paint in full and stay top-packed, conflict state at mobile 375x667 (1.3s)
  ok 556 [chromium] › e2e\issue-74-qa.spec.ts:423:11 › issue #74 QA — the block face's height budget › QA74-3 — reserved rows paint in full and stay top-packed, late state at tablet 1024x768 (1.5s)
  ok 555 [chromium] › e2e\issue-74-qa.spec.ts:423:11 › issue #74 QA — the block face's height budget › QA74-3 — reserved rows paint in full and stay top-packed, late state at desktop 1920x1080 (1.5s)
  ok 557 [chromium] › e2e\issue-74-qa.spec.ts:423:11 › issue #74 QA — the block face's height budget › QA74-3 — reserved rows paint in full and stay top-packed, late state at mobile 375x667 (1.5s)
  ok 560 [chromium] › e2e\issue-74-qa.spec.ts:685:7 › issue #74 QA — the block face's height budget › QA74-6 — the ORDERING CONTRACT comment describes the budget and names its gates (4ms)
  ok 559 [chromium] › e2e\issue-74-qa.spec.ts:635:7 › issue #74 QA — the block face's height budget › QA74-5 — a name the cramped lane ellipsises is still recoverable in full (1.3s)
  ok 561 [chromium] › e2e\issue-74-qa.spec.ts:716:9 › issue #74 QA — the block face's height budget › QA74-7 — evidence: calendar grid at desktop 1920x1080 (1.4s)
  ok 558 [chromium] › e2e\issue-74-qa.spec.ts:498:7 › issue #74 QA — the block face's height budget › QA74-4 — the exported calendar card's faces budget their height too (2.3s)
  ok 562 [chromium] › e2e\issue-74-qa.spec.ts:716:9 › issue #74 QA — the block face's height budget › QA74-7 — evidence: calendar grid at tablet 1024x768 (1.1s)
  ok 563 [chromium] › e2e\issue-74-qa.spec.ts:716:9 › issue #74 QA — the block face's height budget › QA74-7 — evidence: calendar grid at mobile 375x667 (1.4s)
  ok 565 [chromium] › e2e\issue-75-qa.spec.ts:83:9 › AC7 evidence — desktop 1920×1080 dark: both dialogs open while scrolled (1.5s)
  ok 564 [chromium] › e2e\issue-75-qa.spec.ts:83:9 › AC7 evidence — desktop 1920×1080 light: both dialogs open while scrolled (1.7s)
  ok 566 [chromium] › e2e\issue-75-qa.spec.ts:83:9 › AC7 evidence — tablet 1024×768 light: both dialogs open while scrolled (1.4s)
  ok 568 [chromium] › e2e\issue-75-qa.spec.ts:83:9 › AC7 evidence — mobile 375×667 light: both dialogs open while scrolled (1.4s)
  ok 567 [chromium] › e2e\issue-75-qa.spec.ts:83:9 › AC7 evidence — tablet 1024×768 dark: both dialogs open while scrolled (1.4s)
  ok 569 [chromium] › e2e\issue-75-qa.spec.ts:83:9 › AC7 evidence — mobile 375×667 dark: both dialogs open while scrolled (1.3s)
  ok 570 [chromium] › e2e\issue-75-scroll-lock-sticky.spec.ts:245:7 › AC1/AC3 — delete-schedule confirm (MySchedules): opening it while scrolled leaves the sidebar and the scroll position untouched (1.0s)
  ok 571 [chromium] › e2e\issue-75-scroll-lock-sticky.spec.ts:245:7 › AC1/AC3 — exam details popup (InfoPanel): opening it while scrolled leaves the sidebar and the scroll position untouched (1.1s)
  ok 572 [chromium] › e2e\issue-75-scroll-lock-sticky.spec.ts:245:7 › AC1/AC3 — feedback dialog (FeedbackDialog): opening it while scrolled leaves the sidebar and the scroll position untouched (723ms)
  ok 573 [chromium] › e2e\issue-75-scroll-lock-sticky.spec.ts:245:7 › AC1/AC3 — conflict resolution (ConflictDialog): opening it while scrolled leaves the sidebar and the scroll position untouched (1.1s)
  ok 574 [chromium] › e2e\issue-75-scroll-lock-sticky.spec.ts:245:7 › AC1/AC3 — moved-to-late block details (CalendarView): opening it while scrolled leaves the sidebar and the scroll position untouched (1.1s)
  ok 575 [chromium] › e2e\issue-75-scroll-lock-sticky.spec.ts:314:7 › AC1 — sidebar is pixel-identical through an open/close cycle at 1024px @ 1200px (900ms)
  ok 576 [chromium] › e2e\issue-75-scroll-lock-sticky.spec.ts:314:7 › AC1 — sidebar is pixel-identical through an open/close cycle at 1440px @ 400px (1.1s)
  ok 577 [chromium] › e2e\issue-75-scroll-lock-sticky.spec.ts:314:7 › AC1 — sidebar is pixel-identical through an open/close cycle at 1440px @ 1200px (994ms)
  ok 578 [chromium] › e2e\issue-75-scroll-lock-sticky.spec.ts:314:7 › AC1 — sidebar is pixel-identical through an open/close cycle at 1440px @ page bottom (989ms)
  ok 579 [chromium] › e2e\issue-75-scroll-lock-sticky.spec.ts:314:7 › AC1 — sidebar is pixel-identical through an open/close cycle at 1920px @ 1200px (1.1s)
  ok 581 [chromium] › e2e\issue-75-scroll-lock-sticky.spec.ts:469:5 › AC3 — the dialog's initial focus does not scroll the document (preventScroll) (1.2s)
  ok 580 [chromium] › e2e\issue-75-scroll-lock-sticky.spec.ts:357:7 › AC2 — the lock still blocks every input path › AC2 — background scroll is locked while a dialog is open (wheel, keyboard, touch), and released after (2.9s)
  ok 584 [chromium] › e2e\issue-8-qa.spec.ts:206:7 › issue #8 QA evidence › AC1 evidence — visible focus indicator + focus-trapped conflict modal (785ms)
  ok 583 [chromium] › e2e\issue-8-qa.spec.ts:178:7 › issue #8 QA evidence › standard viewports — resolved schedule with moved badge + late warning (2.9s)
  ok 585 [chromium] › e2e\issue-8-qa.spec.ts:221:7 › issue #8 QA evidence › AC1 evidence — conflict modal open with focus inside (981ms)
  ok 582 [chromium] › e2e\issue-75-scroll-lock-sticky.spec.ts:515:5 › evidence — sidebar present with a dialog open while scrolled (light + dark, desktop + tablet) (4.5s)
  ok 588 [chromium] › e2e\issue-8-qa.spec.ts:391:7 › issue #8 QA evidence › AC4 evidence — mobile conflict dialog + measured tap targets (1.8s)
  ok 587 [chromium] › e2e\issue-8-qa.spec.ts:321:7 › issue #8 QA evidence › AC3 evidence — measured contrast ratios written to contrast-ratios.txt (3.5s)
  ok 590 [chromium] › e2e\issue-9-qa.spec.ts:31:5 › AC1 — README has what/why, feature list, stack, pnpm quickstart, and the data/swap note (9ms)
  ok 591 [chromium] › e2e\issue-9-qa.spec.ts:63:5 › AC2 — README embeds committed screenshots under docs/screenshots/ via relative paths (10ms)
  ok 589 [chromium] › e2e\issue-8-qa.spec.ts:478:7 › issue #8 QA evidence › AC5 evidence — info panel with textual 'pending' badge (998ms)
  ok 592 [chromium] › e2e\issue-9-qa.spec.ts:88:5 › AC3 — footer shows both attribution lines and does not duplicate the coordinator note (604ms)
  ok 593 [chromium] › e2e\issue-9-qa.spec.ts:113:7 › AC4 — footer renders with no overflow/overlap/layout-shift (desktop 1920x1080) (2.0s)
  ok 594 [chromium] › e2e\issue-9-qa.spec.ts:113:7 › AC4 — footer renders with no overflow/overlap/layout-shift (tablet 1024x768) (2.4s)
  ok 596 [chromium] › e2e\qa-evidence.spec.ts:23:7 › AC2 — / renders header + populated main with no console errors (desktop 1920x1080) (789ms)
  ok 595 [chromium] › e2e\issue-9-qa.spec.ts:113:7 › AC4 — footer renders with no overflow/overlap/layout-shift (mobile 375x667) (1.9s)
  ok 597 [chromium] › e2e\qa-evidence.spec.ts:23:7 › AC2 — / renders header + populated main with no console errors (tablet 1024x768) (685ms)
  ok 598 [chromium] › e2e\qa-evidence.spec.ts:23:7 › AC2 — / renders header + populated main with no console errors (mobile 375x667) (693ms)
  ok 599 [chromium] › e2e\smoke.spec.ts:3:5 › home page renders the AP Exam Planner header and title (451ms)
  ok 601 [chromium] › e2e\issue-49-qa.spec.ts:216:5 › AC4 — with NO injected CSS, the app's own scrollbar styling occupies layout width yet dialogs open with zero shift (the macOS trap is defused) (937ms)
  ok 600 [chromium] › e2e\issue-49-qa.spec.ts:150:5 › AC3 — thumb/track contrast measured from live CSS is ≥ 3:1 in light AND dark, and the palette is theme-aware (1.1s)
[WebServer] [browser] A tree hydrated but some attributes of the server rendered HTML didn't match the client properties. This won't be patched up. This can happen if a SSR-ed Client Component used:
[WebServer] 
[WebServer] - A server/client branch `if (typeof window !== 'undefined')`.
[WebServer] - Variable input such as `Date.now()` or `Math.random()` which changes each time it's called.
[WebServer] - Date formatting in a user's locale which doesn't match the server.
[WebServer] - External changing data without sending a snapshot of it along with the HTML.
[WebServer] - Invalid HTML tag nesting.
[WebServer] 
[WebServer] It can also happen if the client has a browser extension installed which messes with the HTML before React loaded.
[WebServer] 
[WebServer] https://react.dev/link/hydration-mismatch
[WebServer] 
[WebServer]   ...
[WebServer]     <LoadingBoundary name="/" loading={null}>
[WebServer]       <HTTPAccessFallbackBoundary notFound={{...}} forbidden={undefined} unauthorized={undefined}>
[WebServer]         <HTTPAccessFallbackErrorBoundary pathname="/" notFound={{...}} forbidden={undefined} unauthorized={undefined} ...>
[WebServer]           <RedirectBoundary>
[WebServer]             <RedirectErrorBoundary router={{...}}>
[WebServer]               <InnerLayoutRouter url="/" tree={[...]} params={{}} cacheNode={{rsc:{...}, ...}} segmentPath={[...]} ...>
[WebServer]                 <SegmentViewNode type="page" pagePath="page.tsx">
[WebServer]                   <SegmentTrieNode>
[WebServer]                   <Home>
[WebServer]                     <div data-scroll-lock-anchor={true} className="mx-auto fl...">
[WebServer]                       <Sidebar>
[WebServer]                       <main className="flex min-w..." aria-label="Exam planner">
[WebServer]                         <CatalogGrid>
[WebServer]                           <section aria-label="Subject ca..." className="flex flex-...">
[WebServer]                             <div className="flex flex-...">
[WebServer]                               <div className="flex flex-...">
[WebServer]                                 <label>
[WebServer]                                 <input
[WebServer]                                   id="subject-search"
[WebServer]                                   type="search"
[WebServer]                                   value=""
[WebServer]                                   onChange={function onChange}
[WebServer]                                   placeholder="e.g. bio"
[WebServer]                                   autoComplete="off"
[WebServer]                                   className="min-h-11 w-full rounded-lg border border-slate-300 bg-white px-3 py-2 tex..."
[WebServer] -                                 style={{caret-color:"transparent"}}
[WebServer]                                 >
[WebServer]                               ...
[WebServer]                             ...
[WebServer]                         ...
[WebServer]                 ...
[WebServer]               ...
[WebServer]  
  ok 603 [chromium] › e2e\issue-49-qa.spec.ts:294:5 › AC8 — standard super-board viewport screenshots (light, catalog with styled scrollbar) (944ms)
  ok 602 [chromium] › e2e\issue-49-qa.spec.ts:262:5 › AC6 — a dialog body overflows and scrolls with the same custom scrollbar (evidence screenshot) (1.1s)
  ok 604 [chromium] › e2e\issue-49-qa.spec.ts:309:5 › AC8 — light desktop: styled scrollbar on the catalog + dialog open with no shift (938ms)
  ok 586 [chromium] › e2e\issue-8-qa.spec.ts:238:7 › issue #8 QA evidence › AC2 evidence — axe summary across states written to JSON (12.7s)
  ok 605 [chromium] › e2e\issue-49-qa.spec.ts:329:5 › AC8 — dark desktop: styled scrollbar on the catalog + dialog open with no shift (989ms)
  ok 606 [chromium] › e2e\issue-49-qa.spec.ts:350:5 › AC8 — mobile 375: catalog (light) + dialog open (dark), no horizontal overflow either way (1.2s)
  ok 607 [chromium] › e2e\support\scroll-shift.ts:198:7 › feedback dialog (FeedbackDialog) opens with zero horizontal shift under classic scrollbars (1.2s)
  ok 608 [chromium] › e2e\support\scroll-shift.ts:211:7 › exam details popup (InfoPanel) opens with zero horizontal shift under classic scrollbars (1.4s)
  ok 611 [chromium] › e2e\support\scroll-shift.ts:261:7 › delete-schedule confirm (MySchedules) opens with zero horizontal shift under classic scrollbars (930ms)
  ok 609 [chromium] › e2e\support\scroll-shift.ts:219:7 › conflict dialog (ConflictDialog) opens with zero horizontal shift under classic scrollbars (1.4s)
  ok 610 [chromium] › e2e\support\scroll-shift.ts:235:7 › moved-to-late action dialog (CalendarView) opens with zero horizontal shift under classic scrollbars (1.3s)
  ok 613 [chromium] › e2e\issue-75-real-chrome.spec.ts:64:5 › real Chrome + classic scrollbars: a dialog opened while scrolled moves neither the sticky sidebar nor the centered shell (1.1s)
  ok 612 [chromium] › e2e\issue-49-real-chrome.spec.ts:35:5 › real Chrome: logged measurement table — shell rect.left steady closed → open → close (1.3s)
  ok 614 [chromium] › e2e\support\scroll-shift.ts:198:7 › feedback dialog (FeedbackDialog) opens with zero horizontal shift under classic scrollbars (802ms)
  ok 617 [chromium] › e2e\support\scroll-shift.ts:219:7 › conflict dialog (ConflictDialog) opens with zero horizontal shift under classic scrollbars (983ms)
  ok 615 [chromium] › e2e\support\scroll-shift.ts:235:7 › moved-to-late action dialog (CalendarView) opens with zero horizontal shift under classic scrollbars (1.3s)
  ok 616 [chromium] › e2e\support\scroll-shift.ts:211:7 › exam details popup (InfoPanel) opens with zero horizontal shift under classic scrollbars (1.2s)
  ok 619 [chromium] › e2e\support\scroll-shift.ts:283:7 › no horizontal overflow at 320 / 375 / 1024 / 1920 with the custom classic scrollbar active (664ms)
  ok 618 [chromium] › e2e\support\scroll-shift.ts:261:7 › delete-schedule confirm (MySchedules) opens with zero horizontal shift under classic scrollbars (881ms)


  1) [chromium] › e2e\issue-60-bounce1-meta-row.spec.ts:69:7 › bounce1 — mobile: the support pair renders as a quiet meta row below the attribution, with no rule and the footer's own muted type 

    Error: expect(received).toBe(expected) // Object.is equality

    Expected: 0
    Received: -10

      227 |           document.documentElement.clientWidth,
      228 |       ),
    > 229 |     ).toBe(0);
          |       ^
      230 |
      231 |     await page.screenshot({
      232 |       path: `${EVIDENCE_DIR}/${label}-quiet-meta-row.png`,
        at C:\Users\jonat\repos\AP-Exam-Planner\AP-Exam-Planner\.worktrees\issue-73-qa\e2e\issue-60-bounce1-meta-row.spec.ts:229:7

    Error Context: test-results\issue-60-bounce1-meta-row--77084-the-footer-s-own-muted-type-chromium\error-context.md

  2) [chromium] › e2e\issue-60-bounce1-meta-row.spec.ts:69:7 › bounce1 — tablet: the support pair renders as a quiet meta row below the attribution, with no rule and the footer's own muted type 

    Error: expect(received).toBe(expected) // Object.is equality

    Expected: 0
    Received: -10

      227 |           document.documentElement.clientWidth,
      228 |       ),
    > 229 |     ).toBe(0);
          |       ^
      230 |
      231 |     await page.screenshot({
      232 |       path: `${EVIDENCE_DIR}/${label}-quiet-meta-row.png`,
        at C:\Users\jonat\repos\AP-Exam-Planner\AP-Exam-Planner\.worktrees\issue-73-qa\e2e\issue-60-bounce1-meta-row.spec.ts:229:7

    Error Context: test-results\issue-60-bounce1-meta-row--5239b-the-footer-s-own-muted-type-chromium\error-context.md

  3) [chromium] › e2e\issue-71-exam-note.spec.ts:176:9 › issue #71 AC6 — published exam qualifier on the schedule surfaces › evidence — List and Calendar qualifier at desktop 1920x1080 with no horizontal overflow 

    Error: expect(received).toBe(expected) // Object.is equality

    Expected: 0
    Received: -10

      191 |       // PROJECT.md convention: no horizontal scroll (asserted at every width,
      192 |       // not just 375, because the note is the widest string on the row).
    > 193 |       expect(await horizontalOverflow(page)).toBe(0);
          |                                              ^
      194 |
      195 |       await pressViewChip(page, "Calendar");
      196 |       await expect(page.getByTestId("block-exam-note")).toBeVisible();
        at C:\Users\jonat\repos\AP-Exam-Planner\AP-Exam-Planner\.worktrees\issue-73-qa\e2e\issue-71-exam-note.spec.ts:193:46

    Error Context: test-results\issue-71-exam-note-issue-7-65650-with-no-horizontal-overflow-chromium\error-context.md

  4) [chromium] › e2e\issue-71-exam-note.spec.ts:176:9 › issue #71 AC6 — published exam qualifier on the schedule surfaces › evidence — List and Calendar qualifier at tablet 1024x768 with no horizontal overflow 

    Error: expect(received).toBe(expected) // Object.is equality

    Expected: 0
    Received: -10

      191 |       // PROJECT.md convention: no horizontal scroll (asserted at every width,
      192 |       // not just 375, because the note is the widest string on the row).
    > 193 |       expect(await horizontalOverflow(page)).toBe(0);
          |                                              ^
      194 |
      195 |       await pressViewChip(page, "Calendar");
      196 |       await expect(page.getByTestId("block-exam-note")).toBeVisible();
        at C:\Users\jonat\repos\AP-Exam-Planner\AP-Exam-Planner\.worktrees\issue-73-qa\e2e\issue-71-exam-note.spec.ts:193:46

    Error Context: test-results\issue-71-exam-note-issue-7-0f7ab-with-no-horizontal-overflow-chromium\error-context.md

  5) [chromium] › e2e\issue-71-exam-note.spec.ts:176:9 › issue #71 AC6 — published exam qualifier on the schedule surfaces › evidence — List and Calendar qualifier at mobile 375x667 with no horizontal overflow 

    Error: expect(received).toBe(expected) // Object.is equality

    Expected: 0
    Received: -10

      191 |       // PROJECT.md convention: no horizontal scroll (asserted at every width,
      192 |       // not just 375, because the note is the widest string on the row).
    > 193 |       expect(await horizontalOverflow(page)).toBe(0);
          |                                              ^
      194 |
      195 |       await pressViewChip(page, "Calendar");
      196 |       await expect(page.getByTestId("block-exam-note")).toBeVisible();
        at C:\Users\jonat\repos\AP-Exam-Planner\AP-Exam-Planner\.worktrees\issue-73-qa\e2e\issue-71-exam-note.spec.ts:193:46

    Error Context: test-results\issue-71-exam-note-issue-7-cf135-with-no-horizontal-overflow-chromium\error-context.md

  6) [chromium] › e2e\issue-71-qa.spec.ts:471:9 › issue #71 QA — published qualifier on every schedule surface › evidence — qualifier on List + Calendar at desktop 1920x1080 

    Error: the qualifier paragraph must not push the page sideways

    expect(received).toBe(expected) // Object.is equality

    Expected: 0
    Received: -10

      487 |         await horizontalOverflow(page),
      488 |         "the qualifier paragraph must not push the page sideways",
    > 489 |       ).toBe(0);
          |         ^
      490 |
      491 |       await pressViewChip(page, "Calendar");
      492 |       await gotoWeek(page, weekIndexOf(NOTED!.exam!.date) + 1);
        at C:\Users\jonat\repos\AP-Exam-Planner\AP-Exam-Planner\.worktrees\issue-73-qa\e2e\issue-71-qa.spec.ts:489:9

    Error Context: test-results\issue-71-qa-issue-71-QA-—--32f14-lendar-at-desktop-1920x1080-chromium\error-context.md

  7) [chromium] › e2e\issue-71-qa.spec.ts:471:9 › issue #71 QA — published qualifier on every schedule surface › evidence — qualifier on List + Calendar at tablet 1024x768 

    Error: the qualifier paragraph must not push the page sideways

    expect(received).toBe(expected) // Object.is equality

    Expected: 0
    Received: -10

      487 |         await horizontalOverflow(page),
      488 |         "the qualifier paragraph must not push the page sideways",
    > 489 |       ).toBe(0);
          |         ^
      490 |
      491 |       await pressViewChip(page, "Calendar");
      492 |       await gotoWeek(page, weekIndexOf(NOTED!.exam!.date) + 1);
        at C:\Users\jonat\repos\AP-Exam-Planner\AP-Exam-Planner\.worktrees\issue-73-qa\e2e\issue-71-qa.spec.ts:489:9

    Error Context: test-results\issue-71-qa-issue-71-QA-—--a49d2-Calendar-at-tablet-1024x768-chromium\error-context.md

  8) [chromium] › e2e\issue-71-qa.spec.ts:471:9 › issue #71 QA — published qualifier on every schedule surface › evidence — qualifier on List + Calendar at mobile 375x667 

    Error: the qualifier paragraph must not push the page sideways

    expect(received).toBe(expected) // Object.is equality

    Expected: 0
    Received: -10

      487 |         await horizontalOverflow(page),
      488 |         "the qualifier paragraph must not push the page sideways",
    > 489 |       ).toBe(0);
          |         ^
      490 |
      491 |       await pressViewChip(page, "Calendar");
      492 |       await gotoWeek(page, weekIndexOf(NOTED!.exam!.date) + 1);
        at C:\Users\jonat\repos\AP-Exam-Planner\AP-Exam-Planner\.worktrees\issue-73-qa\e2e\issue-71-qa.spec.ts:489:9

    Error Context: test-results\issue-71-qa-issue-71-QA-—--5e3b3--Calendar-at-mobile-375x667-chromium\error-context.md

  8 failed
    [chromium] › e2e\issue-60-bounce1-meta-row.spec.ts:69:7 › bounce1 — mobile: the support pair renders as a quiet meta row below the attribution, with no rule and the footer's own muted type 
    [chromium] › e2e\issue-60-bounce1-meta-row.spec.ts:69:7 › bounce1 — tablet: the support pair renders as a quiet meta row below the attribution, with no rule and the footer's own muted type 
    [chromium] › e2e\issue-71-exam-note.spec.ts:176:9 › issue #71 AC6 — published exam qualifier on the schedule surfaces › evidence — List and Calendar qualifier at desktop 1920x1080 with no horizontal overflow 
    [chromium] › e2e\issue-71-exam-note.spec.ts:176:9 › issue #71 AC6 — published exam qualifier on the schedule surfaces › evidence — List and Calendar qualifier at tablet 1024x768 with no horizontal overflow 
    [chromium] › e2e\issue-71-exam-note.spec.ts:176:9 › issue #71 AC6 — published exam qualifier on the schedule surfaces › evidence — List and Calendar qualifier at mobile 375x667 with no horizontal overflow 
    [chromium] › e2e\issue-71-qa.spec.ts:471:9 › issue #71 QA — published qualifier on every schedule surface › evidence — qualifier on List + Calendar at desktop 1920x1080 
    [chromium] › e2e\issue-71-qa.spec.ts:471:9 › issue #71 QA — published qualifier on every schedule surface › evidence — qualifier on List + Calendar at tablet 1024x768 
    [chromium] › e2e\issue-71-qa.spec.ts:471:9 › issue #71 QA — published qualifier on every schedule surface › evidence — qualifier on List + Calendar at mobile 375x667 
  611 passed (5.4m)
